$ T_2015_14207200 TUALATIN RIVER AT OSWEGO DAM, NEAR WEST LINN, OR downloaded from NWIS via dataRetrieval package in R.
Data is hourly as Julian day from Jan 1.  Missing data filled by linear interpolation where gap <3, then using closest datetime.
JDAY, T.C
1,5.8
1.04,5.7
1.08,5.7
1.12,5.6
1.17,5.5
1.21,5.5
1.25,5.4
1.29,5.4
1.33,5.3
1.38,5.2
1.42,5.2
1.46,5.1
1.5,5.1
1.54,5
1.58,5
1.62,5
1.67,4.9
1.71,4.8
1.75,4.8
1.79,4.7
1.83,4.7
1.88,4.6
1.92,4.6
1.96,4.5
2,4.5
2.04,4.4
2.08,4.4
2.12,4.4
2.17,4.3
2.21,4.3
2.25,4.3
2.29,4.2
2.33,4.2
2.38,4.2
2.42,4.1
2.46,4.1
2.5,4.1
2.54,4.1
2.58,4.1
2.62,4
2.67,4
2.71,4
2.75,4
2.79,4
2.83,4
2.88,4
2.92,4
2.96,4
3,4
3.04,4
3.08,4
3.12,4
3.17,4.1
3.21,4.1
3.25,4.1
3.29,4.1
3.33,4.1
3.38,4.1
3.42,4.1
3.46,4.1
3.5,4.2
3.54,4.2
3.58,4.2
3.62,4.2
3.67,4.2
3.71,4.3
3.75,4.3
3.79,4.3
3.83,4.4
3.88,4.4
3.92,4.4
3.96,4.3
4,4.4
4.04,4.4
4.08,4.4
4.12,4.4
4.17,4.4
4.21,4.5
4.25,4.5
4.29,4.6
4.33,4.6
4.38,4.6
4.42,4.6
4.46,4.6
4.5,4.7
4.54,4.7
4.58,4.7
4.62,4.8
4.67,4.8
4.71,4.9
4.75,4.9
4.79,5
4.83,5.1
4.88,5.1
4.92,5.2
4.96,5.2
5,5.2
5.04,5.2
5.08,5.2
5.12,5.2
5.17,5.3
5.21,5.3
5.25,5.4
5.29,5.4
5.33,5.5
5.38,5.5
5.42,5.6
5.46,5.6
5.5,5.7
5.54,5.7
5.58,5.8
5.62,5.8
5.67,5.9
5.71,6
5.75,6.1
5.79,6.1
5.83,6.2
5.88,6.2
5.92,6.2
5.96,6.2
6,6.2
6.04,6.2
6.08,6.2
6.12,6.2
6.17,6.2
6.21,6.3
6.25,6.3
6.29,6.3
6.33,6.4
6.38,6.4
6.42,6.4
6.46,6.5
6.5,6.5
6.54,6.6
6.58,6.7
6.62,6.7
6.67,6.8
6.71,6.8
6.75,6.9
6.79,6.9
6.83,7
6.88,7
6.92,7
6.96,7
7,7
7.04,7
7.08,7
7.12,7
7.17,7
7.21,7
7.25,7
7.29,7
7.33,7
7.38,7.1
7.42,7.1
7.46,7.1
7.5,7.1
7.54,7.1
7.58,7.2
7.62,7.2
7.67,7.2
7.71,7.3
7.75,7.3
7.79,7.4
7.83,7.4
7.88,7.4
7.92,7.4
7.96,7.4
8,7.4
8.04,7.4
8.08,7.4
8.12,7.4
8.17,7.4
8.21,7.4
8.25,7.4
8.29,7.4
8.33,7.4
8.38,7.4
8.42,7.4
8.46,7.4
8.5,7.4
8.54,7.4
8.58,7.4
8.62,7.4
8.67,7.5
8.71,7.5
8.75,7.6
8.79,7.6
8.83,7.7
8.88,7.7
8.92,7.6
8.96,7.6
9,7.6
9.04,7.6
9.08,7.6
9.12,7.5
9.17,7.5
9.21,7.5
9.25,7.5
9.29,7.5
9.33,7.5
9.38,7.5
9.42,7.5
9.46,7.5
9.5,7.5
9.54,7.5
9.58,7.5
9.62,7.5
9.67,7.5
9.71,7.5
9.75,7.5
9.79,7.6
9.83,7.6
9.88,7.6
9.92,7.5
9.96,7.5
10,7.5
10.04,7.5
10.08,7.4
10.12,7.4
10.17,7.4
10.21,7.3
10.25,7.3
10.29,7.3
10.33,7.2
10.38,7.2
10.42,7.2
10.46,7.2
10.5,7.1
10.54,7.1
10.58,7.1
10.62,7.1
10.67,7.1
10.71,7.1
10.75,7.1
10.79,7.1
10.83,7.1
10.88,7.2
10.92,7.2
10.96,7.2
11,7.2
11.04,7.2
11.08,7.2
11.12,7.2
11.17,7.2
11.21,7.2
11.25,7.2
11.29,7.2
11.33,7.2
11.38,7.2
11.42,7.2
11.46,7.2
11.5,7.1
11.54,7.1
11.58,7.1
11.62,7.1
11.67,7
11.71,7
11.75,7
11.79,7
11.83,7.1
11.88,7.1
11.92,7.1
11.96,7.2
12,7.2
12.04,7.2
12.08,7.2
12.12,7.2
12.17,7.2
12.21,7.2
12.25,7.2
12.29,7.2
12.33,7.2
12.38,7.2
12.42,7.2
12.46,7.2
12.5,7.2
12.54,7.2
12.58,7.2
12.62,7.2
12.67,7.2
12.71,7.2
12.75,7.2
12.79,7.2
12.83,7.2
12.88,7.3
12.92,7.4
12.96,7.4
13,7.4
13.04,7.4
13.08,7.4
13.12,7.4
13.17,7.4
13.21,7.4
13.25,7.4
13.29,7.3
13.33,7.3
13.38,7.3
13.42,7.3
13.46,7.3
13.5,7.4
13.54,7.4
13.58,7.4
13.62,7.3
13.67,7.3
13.71,7.2
13.75,7.2
13.79,7.2
13.83,7.2
13.88,7.2
13.92,7.2
13.96,7.3
14,7.3
14.04,7.3
14.08,7.3
14.12,7.3
14.17,7.3
14.21,7.3
14.25,7.2
14.29,7.2
14.33,7.2
14.38,7.2
14.42,7.3
14.46,7.3
14.5,7.4
14.54,7.4
14.58,7.4
14.62,7.4
14.67,7.4
14.71,7.4
14.75,7.3
14.79,7.3
14.83,7.3
14.88,7.3
14.92,7.3
14.96,7.3
15,7.4
15.04,7.4
15.08,7.4
15.12,7.3
15.17,7.3
15.21,7.3
15.25,7.3
15.29,7.3
15.33,7.2
15.38,7.2
15.42,7.3
15.46,7.3
15.5,7.3
15.54,7.3
15.58,7.3
15.62,7.3
15.67,7.3
15.71,7.3
15.75,7.3
15.79,7.3
15.83,7.3
15.88,7.3
15.92,7.3
15.96,7.4
16,7.4
16.04,7.4
16.08,7.4
16.12,7.4
16.17,7.4
16.21,7.4
16.25,7.4
16.29,7.4
16.33,7.4
16.38,7.4
16.42,7.5
16.46,7.5
16.5,7.5
16.54,7.5
16.58,7.5
16.62,7.4
16.67,7.4
16.71,7.4
16.75,7.4
16.79,7.4
16.83,7.4
16.88,7.4
16.92,7.4
16.96,7.4
17,7.4
17.04,7.3
17.08,7.3
17.12,7.3
17.17,7.2
17.21,7.2
17.25,7.2
17.29,7.2
17.33,7.2
17.38,7.2
17.42,7.2
17.46,7.2
17.5,7.1
17.54,7.1
17.58,7
17.62,7
17.67,6.9
17.71,6.9
17.75,7
17.79,7
17.83,7.1
17.88,7.2
17.92,7.3
17.96,7.4
18,7.5
18.04,7.6
18.08,7.6
18.12,7.6
18.17,7.7
18.21,7.8
18.25,8
18.29,8
18.33,8
18.38,8
18.42,7.9
18.46,7.8
18.5,7.8
18.54,7.8
18.58,7.8
18.62,7.8
18.67,7.9
18.71,7.9
18.75,7.9
18.79,7.8
18.83,7.8
18.88,7.8
18.92,7.8
18.96,7.9
19,8
19.04,8.1
19.08,8.2
19.12,8.2
19.17,8.2
19.21,8.2
19.25,8.2
19.29,8.3
19.33,8.3
19.38,8.3
19.42,8.3
19.46,8.3
19.5,8.4
19.54,8.4
19.58,8.4
19.62,8.4
19.67,8.5
19.71,8.5
19.75,8.5
19.79,8.5
19.83,8.5
19.88,8.5
19.92,8.5
19.96,8.5
20,8.5
20.04,8.5
20.08,8.5
20.12,8.5
20.17,8.6
20.21,8.6
20.25,8.6
20.29,8.6
20.33,8.6
20.38,8.6
20.42,8.6
20.46,8.6
20.5,8.6
20.54,8.7
20.58,8.7
20.62,8.7
20.67,8.7
20.71,8.7
20.75,8.7
20.79,8.7
20.83,8.7
20.88,8.7
20.92,8.6
20.96,8.6
21,8.6
21.04,8.6
21.08,8.6
21.12,8.5
21.17,8.5
21.21,8.5
21.25,8.4
21.29,8.4
21.33,8.3
21.38,8.2
21.42,8.2
21.46,8.2
21.5,8.2
21.54,8.2
21.58,8.2
21.62,8.2
21.67,8.2
21.71,8.2
21.75,8.2
21.79,8.1
21.83,8.1
21.88,8.1
21.92,8.1
21.96,8
22,8
22.04,8
22.08,8
22.12,8
22.17,8
22.21,8
22.25,8
22.29,8
22.33,7.9
22.38,7.9
22.42,7.9
22.46,7.8
22.5,7.8
22.54,7.8
22.58,7.8
22.62,7.9
22.67,7.8
22.71,7.8
22.75,7.8
22.79,7.8
22.83,7.8
22.88,7.7
22.92,7.7
22.96,7.7
23,7.7
23.04,7.7
23.08,7.7
23.12,7.7
23.17,7.7
23.21,7.7
23.25,7.7
23.29,7.6
23.33,7.6
23.38,7.6
23.42,7.6
23.46,7.6
23.5,7.5
23.54,7.5
23.58,7.5
23.62,7.6
23.67,7.6
23.71,7.6
23.75,7.6
23.79,7.6
23.83,7.6
23.88,7.6
23.92,7.6
23.96,7.6
24,7.6
24.04,7.6
24.08,7.6
24.12,7.6
24.17,7.6
24.21,7.6
24.25,7.6
24.29,7.6
24.33,7.6
24.38,7.6
24.42,7.6
24.46,7.7
24.5,7.7
24.54,7.7
24.58,7.7
24.62,7.8
24.67,7.8
24.71,7.8
24.75,7.8
24.79,7.9
24.83,7.9
24.88,7.9
24.92,7.9
24.96,7.9
25,7.9
25.04,7.9
25.08,8
25.12,8
25.17,8
25.21,8
25.25,8
25.29,8
25.33,8
25.38,8.1
25.42,8.1
25.46,8.1
25.5,8.1
25.54,8.2
25.58,8.2
25.62,8.2
25.67,8.2
25.71,8.2
25.75,8.2
25.79,8.3
25.83,8.3
25.88,8.3
25.92,8.3
25.96,8.3
26,8.3
26.04,8.4
26.08,8.4
26.12,8.4
26.17,8.4
26.21,8.4
26.25,8.4
26.29,8.5
26.33,8.5
26.38,8.5
26.42,8.5
26.46,8.5
26.5,8.6
26.54,8.6
26.58,8.7
26.62,8.7
26.67,8.7
26.71,8.7
26.75,8.7
26.79,8.7
26.83,8.7
26.88,8.7
26.92,8.8
26.96,8.8
27,8.8
27.04,8.8
27.08,8.8
27.12,8.9
27.17,8.9
27.21,8.9
27.25,8.9
27.29,8.9
27.33,8.9
27.38,8.9
27.42,8.9
27.46,8.9
27.5,9
27.54,9
27.58,9
27.62,9.1
27.67,9.1
27.71,9.1
27.75,9.1
27.79,9.1
27.83,9.1
27.88,9.1
27.92,9.1
27.96,9.1
28,9
28.04,9
28.08,9
28.12,9.1
28.17,9.1
28.21,9.1
28.25,9
28.29,9
28.33,9
28.38,9
28.42,9
28.46,9
28.5,9
28.54,9.1
28.58,9.1
28.62,9.1
28.67,9.2
28.71,9.2
28.75,9.2
28.79,9.2
28.83,9.2
28.88,9.2
28.92,9.1
28.96,9.1
29,9
29.04,9
29.08,9
29.12,9
29.17,8.9
29.21,8.9
29.25,8.9
29.29,8.9
29.33,8.9
29.38,8.9
29.42,8.9
29.46,8.9
29.5,8.9
29.54,8.9
29.58,8.9
29.62,8.9
29.67,8.9
29.71,8.9
29.75,8.9
29.79,8.9
29.83,8.9
29.88,8.9
29.92,8.9
29.96,8.8
30,8.8
30.04,8.8
30.08,8.7
30.12,8.7
30.17,8.7
30.21,8.6
30.25,8.6
30.29,8.6
30.33,8.6
30.38,8.6
30.42,8.6
30.46,8.6
30.5,8.6
30.54,8.7
30.58,8.7
30.62,8.7
30.67,8.7
30.71,8.7
30.75,8.7
30.79,8.7
30.83,8.7
30.88,8.7
30.92,8.7
30.96,8.7
31,8.6
31.04,8.6
31.08,8.6
31.12,8.5
31.17,8.5
31.21,8.5
31.25,8.5
31.29,8.4
31.33,8.4
31.38,8.4
31.42,8.4
31.46,8.4
31.5,8.5
31.54,8.5
31.58,8.5
31.62,8.5
31.67,8.5
31.71,8.5
31.75,8.4
31.79,8.5
31.83,8.5
31.88,8.5
31.92,8.6
31.96,8.6
32,8.6
32.04,8.6
32.08,8.5
32.12,8.5
32.17,8.5
32.21,8.5
32.25,8.5
32.29,8.5
32.33,8.5
32.38,8.5
32.42,8.5
32.46,8.5
32.5,8.5
32.54,8.5
32.58,8.5
32.62,8.5
32.67,8.4
32.71,8.4
32.75,8.4
32.79,8.4
32.83,8.4
32.88,8.4
32.92,8.4
32.96,8.5
33,8.5
33.04,8.5
33.08,8.5
33.12,8.5
33.17,8.4
33.21,8.4
33.25,8.4
33.29,8.3
33.33,8.3
33.38,8.3
33.42,8.3
33.46,8.4
33.5,8.4
33.54,8.4
33.58,8.4
33.62,8.4
33.67,8.4
33.71,8.4
33.75,8.4
33.79,8.5
33.83,8.5
33.88,8.5
33.92,8.5
33.96,8.5
34,8.4
34.04,8.4
34.08,8.3
34.12,8.3
34.17,8.2
34.21,8.2
34.25,8.2
34.29,8.2
34.33,8.1
34.38,8.1
34.42,8.1
34.46,8.1
34.5,8.1
34.54,8.1
34.58,8.1
34.62,8.1
34.67,8.1
34.71,8.1
34.75,8.1
34.79,8.2
34.83,8.2
34.88,8.2
34.92,8.2
34.96,8.2
35,8.2
35.04,8.2
35.08,8.2
35.12,8.2
35.17,8.2
35.21,8.2
35.25,8.2
35.29,8.2
35.33,8.2
35.38,8.2
35.42,8.2
35.46,8.3
35.5,8.3
35.54,8.4
35.58,8.4
35.62,8.5
35.67,8.5
35.71,8.6
35.75,8.6
35.79,8.6
35.83,8.7
35.88,8.7
35.92,8.6
35.96,8.6
36,8.6
36.04,8.6
36.08,8.6
36.12,8.6
36.17,8.6
36.21,8.7
36.25,8.7
36.29,8.7
36.33,8.7
36.38,8.7
36.42,8.7
36.46,8.7
36.5,8.8
36.54,8.8
36.58,8.8
36.62,8.9
36.67,8.9
36.71,9
36.75,9
36.79,9.1
36.83,9.1
36.88,9.2
36.92,9.2
36.96,9.3
37,9.3
37.04,9.4
37.08,9.5
37.12,9.5
37.17,9.5
37.21,9.5
37.25,9.6
37.29,9.6
37.33,9.6
37.38,9.6
37.42,9.7
37.46,9.7
37.5,9.8
37.54,9.8
37.58,9.8
37.62,9.8
37.67,9.8
37.71,9.9
37.75,9.9
37.79,9.9
37.83,9.9
37.88,9.9
37.92,9.9
37.96,9.9
38,9.9
38.04,9.9
38.08,10
38.12,10
38.17,10
38.21,10
38.25,10.1
38.29,10.1
38.33,10.2
38.38,10.2
38.42,10.2
38.46,10.3
38.5,10.4
38.54,10.4
38.58,10.4
38.62,10.5
38.67,10.5
38.71,10.5
38.75,10.6
38.79,10.5
38.83,10.5
38.88,10.5
38.92,10.5
38.96,10.5
39,10.5
39.04,10.5
39.08,10.5
39.12,10.5
39.17,10.5
39.21,10.5
39.25,10.5
39.29,10.5
39.33,10.5
39.38,10.5
39.42,10.5
39.46,10.5
39.5,10.5
39.54,10.6
39.58,10.6
39.62,10.6
39.67,10.6
39.71,10.6
39.75,10.6
39.79,10.6
39.83,10.6
39.88,10.6
39.92,10.6
39.96,10.6
40,10.6
40.04,10.6
40.08,10.6
40.12,10.6
40.17,10.5
40.21,10.5
40.25,10.5
40.29,10.5
40.33,10.5
40.38,10.5
40.42,10.5
40.46,10.5
40.5,10.5
40.54,10.5
40.58,10.5
40.62,10.5
40.67,10.5
40.71,10.5
40.75,10.5
40.79,10.5
40.83,10.5
40.88,10.5
40.92,10.5
40.96,10.5
41,10.5
41.04,10.5
41.08,10.5
41.12,10.5
41.17,10.5
41.21,10.5
41.25,10.5
41.29,10.5
41.33,10.5
41.38,10.5
41.42,10.5
41.46,10.5
41.5,10.5
41.54,10.5
41.58,10.6
41.62,10.6
41.67,10.6
41.71,10.6
41.75,10.6
41.79,10.5
41.83,10.5
41.88,10.5
41.92,10.5
41.96,10.5
42,10.4
42.04,10.4
42.08,10.4
42.12,10.4
42.17,10.4
42.21,10.3
42.25,10.3
42.29,10.3
42.33,10.3
42.38,10.3
42.42,10.3
42.46,10.3
42.5,10.4
42.54,10.4
42.58,10.4
42.62,10.4
42.67,10.4
42.71,10.4
42.75,10.4
42.79,10.4
42.83,10.4
42.88,10.3
42.92,10.3
42.96,10.3
43,10.3
43.04,10.2
43.08,10.2
43.12,10.2
43.17,10.2
43.21,10.2
43.25,10.2
43.29,10.2
43.33,10.2
43.38,10.2
43.42,10.2
43.46,10.2
43.5,10.3
43.54,10.3
43.58,10.3
43.62,10.3
43.67,10.3
43.71,10.3
43.75,10.2
43.79,10.2
43.83,10.2
43.88,10.2
43.92,10.2
43.96,10.2
44,10.2
44.04,10.1
44.08,10.1
44.12,10.1
44.17,10.1
44.21,10.1
44.25,10.1
44.29,10.1
44.33,10
44.38,10
44.42,10
44.46,10
44.5,10
44.54,10.1
44.58,10.1
44.62,10.1
44.67,10.1
44.71,10.1
44.75,10
44.79,10
44.83,10
44.88,10
44.92,10
44.96,9.9
45,9.9
45.04,9.9
45.08,9.9
45.12,9.9
45.17,9.9
45.21,9.8
45.25,9.8
45.29,9.8
45.33,9.8
45.38,9.8
45.42,9.8
45.46,9.8
45.5,9.9
45.54,9.9
45.58,9.9
45.62,10
45.67,10
45.71,10
45.75,9.9
45.79,9.9
45.83,9.9
45.88,9.9
45.92,9.8
45.96,9.8
46,9.8
46.04,9.8
46.08,9.8
46.12,9.7
46.17,9.7
46.21,9.7
46.25,9.7
46.29,9.6
46.33,9.6
46.38,9.6
46.42,9.6
46.46,9.7
46.5,9.7
46.54,9.8
46.58,9.8
46.62,9.9
46.67,9.9
46.71,9.9
46.75,9.9
46.79,9.9
46.83,9.9
46.88,9.8
46.92,9.8
46.96,9.8
47,9.8
47.04,9.8
47.08,9.7
47.12,9.7
47.17,9.7
47.21,9.7
47.25,9.7
47.29,9.6
47.33,9.6
47.38,9.6
47.42,9.6
47.46,9.7
47.5,9.7
47.54,9.8
47.58,9.8
47.62,9.8
47.67,9.8
47.71,9.8
47.75,9.8
47.79,9.8
47.83,9.8
47.88,9.8
47.92,9.8
47.96,9.8
48,9.8
48.04,9.8
48.08,9.8
48.12,9.8
48.17,9.8
48.21,9.7
48.25,9.7
48.29,9.7
48.33,9.6
48.38,9.6
48.42,9.6
48.46,9.7
48.5,9.7
48.54,9.8
48.58,9.8
48.62,9.8
48.67,9.8
48.71,9.8
48.75,9.7
48.79,9.7
48.83,9.7
48.88,9.7
48.92,9.7
48.96,9.7
49,9.7
49.04,9.7
49.08,9.6
49.12,9.6
49.17,9.6
49.21,9.6
49.25,9.5
49.29,9.5
49.33,9.4
49.38,9.4
49.42,9.4
49.46,9.4
49.5,9.4
49.54,9.4
49.58,9.4
49.62,9.5
49.67,9.4
49.71,9.4
49.75,9.4
49.79,9.4
49.83,9.4
49.88,9.4
49.92,9.4
49.96,9.4
50,9.4
50.04,9.4
50.08,9.4
50.12,9.4
50.17,9.4
50.21,9.4
50.25,9.4
50.29,9.4
50.33,9.3
50.38,9.3
50.42,9.3
50.46,9.3
50.5,9.3
50.54,9.3
50.58,9.4
50.62,9.4
50.67,9.4
50.71,9.4
50.75,9.3
50.79,9.3
50.83,9.3
50.88,9.3
50.92,9.2
50.96,9.2
51,9.2
51.04,9.3
51.08,9.3
51.12,9.3
51.17,9.3
51.21,9.4
51.25,9.4
51.29,9.4
51.33,9.4
51.38,9.4
51.42,9.4
51.46,9.4
51.5,9.4
51.54,9.5
51.58,9.5
51.62,9.5
51.67,9.5
51.71,9.5
51.75,9.5
51.79,9.5
51.83,9.5
51.88,9.4
51.92,9.4
51.96,9.4
52,9.4
52.04,9.4
52.08,9.4
52.12,9.4
52.17,9.4
52.21,9.4
52.25,9.4
52.29,9.4
52.33,9.4
52.38,9.4
52.42,9.4
52.46,9.4
52.5,9.5
52.54,9.6
52.58,9.6
52.62,9.7
52.67,9.7
52.71,9.8
52.75,9.8
52.79,9.8
52.83,9.8
52.88,9.8
52.92,9.7
52.96,9.7
53,9.6
53.04,9.6
53.08,9.6
53.12,9.6
53.17,9.5
53.21,9.5
53.25,9.5
53.29,9.5
53.33,9.4
53.38,9.4
53.42,9.4
53.46,9.4
53.5,9.4
53.54,9.5
53.58,9.5
53.62,9.5
53.67,9.6
53.71,9.6
53.75,9.6
53.79,9.6
53.83,9.6
53.88,9.6
53.92,9.6
53.96,9.6
54,9.6
54.04,9.5
54.08,9.5
54.12,9.4
54.17,9.4
54.21,9.3
54.25,9.3
54.29,9.2
54.33,9.2
54.38,9.1
54.42,9.1
54.46,9.1
54.5,9.2
54.54,9.2
54.58,9.2
54.62,9.2
54.67,9.2
54.71,9.2
54.75,9.2
54.79,9.3
54.83,9.3
54.88,9.3
54.92,9.3
54.96,9.2
55,9.2
55.04,9.1
55.08,9.1
55.12,9.1
55.17,9
55.21,9
55.25,9
55.29,9
55.33,8.9
55.38,8.9
55.42,8.9
55.46,8.9
55.5,9
55.54,9
55.58,9
55.62,9
55.67,9
55.71,8.9
55.75,8.9
55.79,8.9
55.83,9
55.88,9
55.92,9
55.96,9
56,8.9
56.04,8.9
56.08,8.8
56.12,8.8
56.17,8.7
56.21,8.7
56.25,8.7
56.29,8.6
56.33,8.6
56.38,8.7
56.42,8.7
56.46,8.7
56.5,8.8
56.54,8.8
56.58,8.7
56.62,8.7
56.67,8.7
56.71,8.7
56.75,8.6
56.79,8.6
56.83,8.6
56.88,8.6
56.92,8.6
56.96,8.6
57,8.6
57.04,8.6
57.08,8.6
57.12,8.5
57.17,8.5
57.21,8.4
57.25,8.4
57.29,8.3
57.33,8.3
57.38,8.3
57.42,8.4
57.46,8.4
57.5,8.425
57.54,8.45
57.58,8.475
57.62,8.5
57.67,8.5
57.71,8.5
57.75,8.5
57.79,8.5
57.83,8.5
57.88,8.5
57.92,8.6
57.96,8.6
58,8.6
58.04,8.6
58.08,8.6
58.12,8.5
58.17,8.5
58.21,8.4
58.25,8.4
58.29,8.3
58.33,8.3
58.38,8.3
58.42,8.3
58.46,8.4
58.5,8.4
58.54,8.6
58.58,8.6
58.62,8.6
58.67,8.6
58.71,8.6
58.75,8.7
58.79,8.7
58.83,8.8
58.88,8.9
58.92,8.9
58.96,8.9
59,8.9
59.04,8.9
59.08,8.9
59.12,8.8
59.17,8.8
59.21,8.8
59.25,8.8
59.29,8.8
59.33,8.7
59.38,8.7
59.42,8.7
59.46,8.8
59.5,8.8
59.54,8.9
59.58,9
59.62,9
59.67,9
59.71,9
59.75,9
59.79,9
59.83,9
59.88,9.1
59.92,9.1
59.96,9.2
60,9.2
60.04,9.2
60.08,9.2
60.12,9.2
60.17,9.1
60.21,9.1
60.25,9
60.29,9
60.33,9
60.38,8.9
60.42,8.9
60.46,9
60.5,9.1
60.54,9.2
60.58,9.2
60.62,9.2
60.67,9.2
60.71,9.2
60.75,9.2
60.79,9.3
60.83,9.3
60.88,9.3
60.92,9.4
60.96,9.4
61,9.5
61.04,9.5
61.08,9.6
61.12,9.6
61.17,9.5
61.21,9.5
61.25,9.5
61.29,9.5
61.33,9.5
61.38,9.4
61.42,9.4
61.46,9.5
61.5,9.5
61.54,9.6
61.58,9.7
61.62,9.7
61.67,9.7
61.71,9.7
61.75,9.6
61.79,9.6
61.83,9.6
61.88,9.6
61.92,9.7
61.96,9.7
62,9.8
62.04,9.8
62.08,9.8
62.12,9.8
62.17,9.7
62.21,9.6
62.25,9.6
62.29,9.5
62.33,9.4
62.38,9.4
62.42,9.4
62.46,9.4
62.5,9.6
62.54,9.7
62.58,9.7
62.62,9.7
62.67,9.6
62.71,9.6
62.75,9.6
62.79,9.5
62.83,9.5
62.88,9.5
62.92,9.5
62.96,9.5
63,9.5
63.04,9.6
63.08,9.6
63.12,9.6
63.17,9.6
63.21,9.5
63.25,9.4
63.29,9.3
63.33,9.3
63.38,9.2
63.42,9.2
63.46,9.2
63.5,9.35
63.54,9.5
63.58,9.5
63.62,9.5
63.67,9.4
63.71,9.4
63.75,9.4
63.79,9.3
63.83,9.3
63.88,9.2
63.92,9.2
63.96,9.2
64,9.2
64.04,9.2
64.08,9.2
64.12,9.2
64.17,9.2
64.21,9.2
64.25,9.1
64.29,9
64.33,9
64.38,8.9
64.42,8.9
64.46,8.9
64.5,9
64.54,9.1
64.58,9.2
64.62,9.1
64.67,9.1
64.71,9.1
64.75,9.1
64.79,9.1
64.83,9
64.88,9
64.92,9
64.96,9
65,8.9
65.04,8.9
65.08,9
65.12,9
65.17,9
65.21,9
65.25,8.9
65.29,8.9
65.33,8.8
65.38,8.7
65.42,8.7
65.46,8.7
65.5,8.8
65.54,8.9
65.58,8.9
65.62,9
65.67,9
65.71,9
65.75,9
65.79,9
65.83,9
65.88,9
65.92,8.9
65.96,8.9
66,8.9
66.04,9
66.08,9
66.12,9
66.17,9
66.21,9
66.25,9
66.29,8.9
66.33,8.9
66.38,8.9
66.42,8.9
66.46,9
66.5,9.1
66.54,9.2
66.58,9.2
66.62,9.2
66.67,9.2
66.71,9.2
66.75,9.2
66.79,9.2
66.83,9.1
66.88,9.1
66.92,9.1
66.96,9.1
67,9.1
67.04,9.1
67.08,9.1
67.12,9.1
67.17,9.1
67.21,9.1
67.25,9.1
67.29,9.1
67.33,9.1
67.38,9
67.42,9
67.46,9
67.5,9.1
67.54,9.2
67.58,9.3
67.62,9.3
67.67,9.2
67.71,9.2
67.75,9.2
67.79,9.2
67.83,9.1
67.88,9.1
67.92,9.1
67.96,9.1
68,9.1
68.04,9.1
68.08,9.1
68.12,9.2
68.17,9.2
68.21,9.2
68.25,9.2
68.29,9.3
68.33,9.2
68.38,9.2
68.42,9.2
68.46,9.2
68.5,9.3
68.54,9.4
68.58,9.5
68.62,9.5
68.67,9.5
68.71,9.4
68.75,9.4
68.79,9.4
68.83,9.4
68.88,9.3
68.92,9.3
68.96,9.3
69,9.3
69.04,9.3
69.08,9.4
69.12,9.4
69.17,9.5
69.21,9.5
69.25,9.6
69.29,9.6
69.33,9.6
69.38,9.6
69.42,9.5
69.46,9.6
69.5,9.6
69.54,9.6
69.58,9.6
69.62,9.7
69.67,9.7
69.71,9.7
69.75,9.7
69.79,9.7
69.83,9.7
69.88,9.6
69.92,9.6
69.96,9.6
70,9.7
70.04,9.7
70.08,9.7
70.12,9.8
70.17,9.9
70.21,9.9
70.25,10
70.29,10
70.33,10.1
70.38,10.1
70.42,10.1
70.46,10.1
70.5,10.1
70.54,10.1
70.58,10.1
70.62,10.2
70.67,10.2
70.71,10.2
70.75,10.2
70.79,10.2
70.83,10.2
70.88,10.2
70.92,10.2
70.96,10.2
71,10.2
71.04,10.2
71.08,10.2
71.12,10.2
71.17,10.3
71.21,10.3
71.25,10.4
71.29,10.4
71.33,10.4
71.38,10.5
71.42,10.6
71.46,10.6
71.5,10.7
71.54,10.8
71.58,10.9
71.62,10.9
71.67,11
71.71,11
71.75,11
71.79,11
71.83,11
71.88,11
71.92,11
71.96,11
72,11
72.04,11
72.08,11
72.12,11.1
72.17,11.2
72.21,11.2
72.25,11.2
72.29,11.3
72.33,11.3
72.38,11.3
72.42,11.3
72.46,11.3
72.5,11.4
72.54,11.4
72.58,11.4
72.62,11.4
72.67,11.4
72.71,11.4
72.75,11.4
72.79,11.4
72.83,11.4
72.88,11.4
72.92,11.4
72.96,11.4
73,11.4
73.04,11.4
73.08,11.4
73.12,11.4
73.17,11.5
73.21,11.5
73.25,11.6
73.29,11.6
73.33,11.6
73.38,11.7
73.42,11.7
73.46,11.7
73.5,11.7
73.54,11.7
73.58,11.7
73.62,11.8
73.67,11.8
73.71,11.8
73.75,11.8
73.79,11.8
73.83,11.8
73.88,11.8
73.92,11.9
73.96,11.9
74,11.9
74.04,12
74.08,12
74.12,12
74.17,12
74.21,12
74.25,12.1
74.29,12.1
74.33,12.1
74.38,12.1
74.42,12
74.46,12
74.5,12
74.54,12
74.58,12
74.62,12
74.67,12
74.71,12
74.75,12
74.79,12
74.83,12
74.88,12
74.92,12
74.96,11.9
75,11.8
75.04,11.8
75.08,11.8
75.12,11.8
75.17,11.8
75.21,11.8
75.25,11.7
75.29,11.7
75.33,11.7
75.38,11.7
75.42,11.7
75.46,11.8
75.5,11.8
75.54,11.9
75.58,12
75.62,12
75.67,12
75.71,12.1
75.75,12.1
75.79,12.1
75.83,12
75.88,12
75.92,12
75.96,12
76,12
76.04,11.9
76.08,11.9
76.12,11.9
76.17,11.8
76.21,11.8
76.25,11.7
76.29,11.7
76.33,11.6
76.38,11.6
76.42,11.6
76.46,11.6
76.5,11.6
76.54,11.6
76.58,11.6
76.62,11.6
76.67,11.5
76.71,11.5
76.75,11.4
76.79,11.4
76.83,11.3
76.88,11.3
76.92,11.3
76.96,11.2
77,11.2
77.04,11.2
77.08,11.2
77.12,11.2
77.17,11.1
77.21,11.1
77.25,11
77.29,11
77.33,11
77.38,10.9
77.42,10.9
77.46,10.9
77.5,10.9
77.54,11
77.58,11.1
77.62,11.1
77.67,11
77.71,11
77.75,11
77.79,11
77.83,11
77.88,11
77.92,11
77.96,11
78,11
78.04,11
78.08,11
78.12,11
78.17,11.1
78.21,11.1
78.25,11
78.29,11
78.33,11
78.38,11
78.42,11
78.46,11.1
78.5,11.1
78.54,11.1
78.58,11.2
78.62,11.2
78.67,11.2
78.71,11.1
78.75,11.1
78.79,11.1
78.83,11.1
78.88,11
78.92,11
78.96,11
79,11
79.04,10.9
79.08,10.9
79.12,10.9
79.17,11
79.21,11
79.25,11
79.29,10.9
79.33,11
79.38,11
79.42,11
79.46,11.1
79.5,11.1
79.54,11.2
79.58,11.3
79.62,11.4
79.67,11.4
79.71,11.4
79.75,11.4
79.79,11.4
79.83,11.4
79.88,11.4
79.92,11.4
79.96,11.4
80,11.4
80.04,11.4
80.08,11.4
80.12,11.4
80.17,11.4
80.21,11.4
80.25,11.4
80.29,11.4
80.33,11.4
80.38,11.4
80.42,11.5
80.46,11.6
80.5,11.6
80.54,11.7
80.58,11.8
80.62,11.9
80.67,11.9
80.71,12
80.75,12
80.79,12
80.83,12
80.88,12
80.92,11.9
80.96,11.9
81,11.8
81.04,11.7
81.08,11.6
81.12,11.6
81.17,11.5
81.21,11.5
81.25,11.4
81.29,11.4
81.33,11.4
81.38,11.4
81.42,11.4
81.46,11.4
81.5,11.4
81.54,11.4
81.58,11.5
81.62,11.5
81.67,11.6
81.71,11.6
81.75,11.6
81.79,11.6
81.83,11.6
81.88,11.6
81.92,11.6
81.96,11.6
82,11.6
82.04,11.5
82.08,11.5
82.12,11.5
82.17,11.4
82.21,11.4
82.25,11.4
82.29,11.4
82.33,11.3
82.38,11.3
82.42,11.3
82.46,11.3
82.5,11.4
82.54,11.4
82.58,11.5
82.62,11.5
82.67,11.5
82.71,11.5
82.75,11.5
82.79,11.5
82.83,11.5
82.88,11.5
82.92,11.4
82.96,11.4
83,11.4
83.04,11.3
83.08,11.3
83.12,11.3
83.17,11.3
83.21,11.3
83.25,11.2
83.29,11.2
83.33,11.2
83.38,11.2
83.42,11.2
83.46,11.2
83.5,11.2
83.54,11.3
83.58,11.3
83.62,11.4
83.67,11.4
83.71,11.4
83.75,11.4
83.79,11.5
83.83,11.5
83.88,11.5
83.92,11.5
83.96,11.4
84,11.4
84.04,11.4
84.08,11.3
84.12,11.3
84.17,11.2
84.21,11.2
84.25,11.2
84.29,11.1
84.33,11.1
84.38,11.1
84.42,11.1
84.46,11.1
84.5,11.1
84.54,11.1
84.58,11.2
84.62,11.2
84.67,11.3
84.71,11.3
84.75,11.3
84.79,11.3
84.83,11.2
84.88,11.2
84.92,11.1
84.96,11.1
85,11
85.04,11
85.08,10.9
85.12,10.9
85.17,10.9
85.21,10.8
85.25,10.8
85.29,10.8
85.33,10.8
85.38,10.8
85.42,10.8
85.46,10.9
85.5,11
85.54,11.1
85.58,11.2
85.62,11.2
85.67,11.3
85.71,11.3
85.75,11.3
85.79,11.3
85.83,11.2
85.88,11.2
85.92,11.1
85.96,11.1
86,11.1
86.04,11.1
86.08,11
86.12,11
86.17,11
86.21,11
86.25,11
86.29,11
86.33,11
86.38,11.1
86.42,11.2
86.46,11.3
86.5,11.5
86.54,11.6
86.58,11.8
86.62,11.8
86.67,11.9
86.71,11.9
86.75,12
86.79,11.9
86.83,11.9
86.88,11.9
86.92,11.8
86.96,11.8
87,11.8
87.04,11.8
87.08,11.8
87.12,11.8
87.17,11.7
87.21,11.7
87.25,11.7
87.29,11.7
87.33,11.7
87.38,11.7
87.42,11.7
87.46,11.8
87.5,11.9
87.54,12
87.58,12.1
87.62,12.2
87.67,12.2
87.71,12.3
87.75,12.3
87.79,12.3
87.83,12.3
87.88,12.3
87.92,12.3
87.96,12.2
88,12.2
88.04,12.2
88.08,12.2
88.12,12.2
88.17,12.2
88.21,12.2
88.25,12.1
88.29,12.1
88.33,12.2
88.38,12.2
88.42,12.2
88.46,12.4
88.5,12.5
88.54,12.7
88.58,12.8
88.62,13
88.67,13
88.71,13.1
88.75,13.1
88.79,13.2
88.83,13.1
88.88,13.1
88.92,13
88.96,13
89,12.9
89.04,12.8
89.08,12.7
89.12,12.7
89.17,12.6
89.21,12.6
89.25,12.5
89.29,12.4
89.33,12.4
89.38,12.4
89.42,12.4
89.46,12.5
89.5,12.6
89.54,12.7
89.58,12.8
89.62,12.9
89.67,13
89.71,13
89.75,13.1
89.79,13.2
89.83,13.2
89.88,13.2
89.92,13.2
89.96,13.1
90,13.1
90.04,13
90.08,13
90.12,13
90.17,12.9
90.21,12.9
90.25,12.8
90.29,12.8
90.33,12.8
90.38,12.7
90.42,12.7
90.46,12.7
90.5,12.7
90.54,12.8
90.58,12.8
90.62,12.8
90.67,12.8
90.71,12.8
90.75,12.8
90.79,12.7
90.83,12.8
90.88,12.8
90.92,12.7
90.96,12.7
91,12.7
91.04,12.6
91.08,12.6
91.12,12.6
91.17,12.6
91.21,12.5
91.25,12.5
91.29,12.5
91.33,12.4
91.38,12.4
91.42,12.4
91.46,12.4333333333333
91.5,12.4666666666667
91.54,12.5
91.58,12.5
91.62,12.5
91.67,12.5
91.71,12.6
91.75,12.6
91.79,12.5
91.83,12.5
91.88,12.5
91.92,12.5
91.96,12.4
92,12.4
92.04,12.4
92.08,12.3
92.12,12.3
92.17,12.3
92.21,12.3
92.25,12.2
92.29,12.2
92.33,12.1
92.38,12
92.42,12
92.46,12.1
92.5,12.2
92.54,12.2
92.58,12.3
92.62,12.3
92.67,12.3
92.71,12.3
92.75,12.3
92.79,12.3
92.83,12.3
92.88,12.4
92.92,12.3
92.96,12.3
93,12.2
93.04,12.2
93.08,12.1
93.12,12.1
93.17,12
93.21,12
93.25,12
93.29,11.9
93.33,11.9
93.38,11.9
93.42,11.9
93.46,12
93.5,12
93.54,11.9
93.58,11.9
93.62,11.9
93.67,12
93.71,12
93.75,12
93.79,11.9
93.83,11.9
93.88,11.9
93.92,11.8
93.96,11.8
94,11.7
94.04,11.7
94.08,11.6
94.12,11.5
94.17,11.5
94.21,11.4
94.25,11.3
94.29,11.3
94.33,11.3
94.38,11.3
94.42,11.3
94.46,11.3
94.5,11.3
94.54,11.4
94.58,11.5
94.62,11.5
94.67,11.5
94.71,11.5
94.75,11.5
94.79,11.4
94.83,11.4
94.88,11.5
94.92,11.5
94.96,11.5
95,11.4
95.04,11.3
95.08,11.2
95.12,11.1
95.17,11
95.21,10.9
95.25,10.8
95.29,10.7
95.33,10.7
95.38,10.6
95.42,10.7
95.46,10.7
95.5,10.8
95.54,10.9
95.58,11
95.62,11
95.67,11
95.71,11
95.75,11.1
95.79,11.1
95.83,11.1
95.88,11.2
95.92,11.2
95.96,11.2
96,11.2
96.04,11.1
96.08,11
96.12,10.9
96.17,10.8
96.21,10.7
96.25,10.6
96.29,10.6
96.33,10.6
96.38,10.6
96.42,10.6
96.46,10.6
96.5,10.7
96.54,10.7
96.58,10.8
96.62,10.8
96.67,10.8
96.71,10.9
96.75,10.9
96.79,11
96.83,11
96.88,11.1
96.92,11.1
96.96,11.2
97,11.2
97.04,11.1
97.08,11.1
97.12,11
97.17,10.9
97.21,10.9
97.25,10.8
97.29,10.8
97.33,10.7
97.38,10.7
97.42,10.6
97.46,10.6
97.5,10.6
97.54,10.6
97.58,10.7
97.62,10.7
97.67,10.7
97.71,10.7
97.75,10.7
97.79,10.7
97.83,10.8
97.88,10.8
97.92,10.8
97.96,10.9
98,10.9
98.04,10.9
98.08,10.9
98.12,10.9
98.17,10.8
98.21,10.8
98.25,10.8
98.29,10.7
98.33,10.7
98.38,10.7
98.42,10.8
98.46,10.8
98.5,10.9
98.54,11
98.58,11
98.62,11
98.67,11
98.71,11.1
98.75,11.1
98.79,11.1
98.83,11.2
98.88,11.3
98.92,11.3
98.96,11.4
99,11.4
99.04,11.4
99.08,11.4
99.12,11.3
99.17,11.3
99.21,11.2
99.25,11.2
99.29,11.2
99.33,11.2
99.38,11.1
99.42,11.2
99.46,11.3
99.5,11.4
99.54,11.5
99.58,11.6
99.62,11.6
99.67,11.6
99.71,11.6
99.75,11.6
99.79,11.6
99.83,11.7
99.88,11.8
99.92,11.9
99.96,11.9
100,12
100.04,12
100.08,12
100.12,11.9
100.17,11.8
100.21,11.8
100.25,11.7
100.29,11.7
100.33,11.7
100.38,11.7
100.42,11.7
100.46,11.8
100.5,11.8
100.54,11.9
100.58,11.9
100.62,11.9
100.67,11.9
100.71,11.9
100.75,12
100.79,12
100.83,12
100.88,12.1
100.92,12.1
100.96,12.2
101,12.2
101.04,12.2
101.08,12.2
101.12,12.1
101.17,12.1
101.21,12.1
101.25,12
101.29,12
101.33,12
101.38,12
101.42,12.1
101.46,12.1
101.5,12.2
101.54,12.2
101.58,12.3
101.62,12.3
101.67,12.3
101.71,12.3
101.75,12.3
101.79,12.3
101.83,12.3
101.88,12.3
101.92,12.3
101.96,12.4
102,12.4
102.04,12.4
102.08,12.4
102.12,12.4
102.17,12.4
102.21,12.3
102.25,12.2
102.29,12.2
102.33,12.2
102.38,12.2
102.42,12.2
102.46,12.3
102.5,12.4
102.54,12.4
102.58,12.5
102.62,12.5
102.67,12.5
102.71,12.5
102.75,12.5
102.79,12.5
102.83,12.5
102.88,12.5
102.92,12.4
102.96,12.4
103,12.4
103.04,12.5
103.08,12.5
103.12,12.5
103.17,12.4
103.21,12.4
103.25,12.3
103.29,12.2
103.33,12.2
103.38,12.2
103.42,12.2
103.46,12.3
103.5,12.3
103.54,12.3
103.58,12.2
103.62,12.2
103.67,12.2
103.71,12.1
103.75,12.1
103.79,12
103.83,12
103.88,12
103.92,12
103.96,12
104,12
104.04,12
104.08,11.9
104.12,11.8
104.17,11.8
104.21,11.8
104.25,11.7
104.29,11.7
104.33,11.7
104.38,11.7
104.42,11.7
104.46,11.8
104.5,12
104.54,12
104.58,12.1
104.62,12
104.67,12
104.71,12
104.75,11.9
104.79,11.9
104.83,11.9
104.88,11.9
104.92,11.9
104.96,11.9
105,11.9
105.04,11.9
105.08,11.8
105.12,11.7
105.17,11.6
105.21,11.5
105.25,11.4
105.29,11.3
105.33,11.3
105.38,11.2
105.42,11.3
105.46,11.4
105.5,11.5
105.54,11.6
105.58,11.7
105.62,11.8
105.67,11.8
105.71,11.8
105.75,11.7
105.79,11.7
105.83,11.8
105.88,11.8
105.92,11.8
105.96,11.9
106,11.9
106.04,11.9
106.08,11.8
106.12,11.8
106.17,11.7
106.21,11.6
106.25,11.5
106.29,11.5
106.33,11.4
106.38,11.4
106.42,11.4
106.46,11.5
106.5,11.7
106.54,11.8
106.58,11.9
106.62,11.9
106.67,11.9
106.71,11.9
106.75,11.9
106.79,11.9
106.83,11.9
106.88,12
106.92,12.1
106.96,12.1
107,12.2
107.04,12.2
107.08,12.2
107.12,12.2
107.17,12.2
107.21,12.1
107.25,12
107.29,11.9
107.33,11.9
107.38,11.8
107.42,11.9
107.46,12
107.5,12.2
107.54,12.3
107.58,12.4
107.62,12.5
107.67,12.5
107.71,12.5
107.75,12.5
107.79,12.5
107.83,12.4
107.88,12.4
107.92,12.5
107.96,12.5
108,12.6
108.04,12.6
108.08,12.7
108.12,12.7
108.17,12.7
108.21,12.7
108.25,12.6
108.29,12.5
108.33,12.4
108.38,12.3
108.42,12.3
108.46,12.4
108.5,12.6
108.54,12.7
108.58,12.8
108.62,12.8
108.67,12.8
108.71,12.9
108.75,12.9
108.79,12.9
108.83,12.8
108.88,12.8
108.92,12.9
108.96,12.9
109,12.9
109.04,13
109.08,13
109.12,13.1
109.17,13.1
109.21,13.1
109.25,13.1
109.29,13.1
109.33,13
109.38,13
109.42,13
109.46,13
109.5,13.2
109.54,13.3
109.58,13.4
109.62,13.4
109.67,13.4
109.71,13.4
109.75,13.5
109.79,13.5
109.83,13.4
109.88,13.5
109.92,13.5
109.96,13.5
110,13.6
110.04,13.6
110.08,13.7
110.12,13.7
110.17,13.7
110.21,13.8
110.25,13.8
110.29,13.8
110.33,13.7
110.38,13.7
110.42,13.7
110.46,13.7
110.5,13.8
110.54,13.9
110.58,14
110.62,14
110.67,14
110.71,14.1
110.75,14.1
110.79,14.2
110.83,14.2
110.88,14.2
110.92,14.2
110.96,14.2
111,14.3
111.04,14.3
111.08,14.4
111.12,14.5
111.17,14.5
111.21,14.6
111.25,14.6
111.29,14.6
111.33,14.7
111.38,14.7
111.42,14.6
111.46,14.7
111.5,14.6
111.54,14.6
111.58,14.6
111.62,14.5
111.67,14.5
111.71,14.5
111.75,14.5
111.79,14.4
111.83,14.4
111.88,14.4
111.92,14.4
111.96,14.3
112,14.3
112.04,14.3
112.08,14.3
112.12,14.3
112.17,14.3
112.21,14.2
112.25,14.2
112.29,14.2
112.33,14.2
112.38,14.3
112.42,14.3
112.46,14.3
112.5,14.4
112.54,14.5
112.58,14.5
112.62,14.5
112.67,14.5
112.71,14.5
112.75,14.5
112.79,14.5
112.83,14.5
112.88,14.5
112.92,14.4
112.96,14.4
113,14.4
113.04,14.4
113.08,14.4
113.12,14.4
113.17,14.5
113.21,14.5
113.25,14.5
113.29,14.5
113.33,14.5
113.38,14.5
113.42,14.5
113.46,14.5
113.5,14.4
113.54,14.4
113.58,14.4
113.62,14.3
113.67,14.2
113.71,14.2
113.75,14.2
113.79,14.2
113.83,14.2
113.88,14.2
113.92,14.1
113.96,14.1
114,14.1
114.04,14.1
114.08,14
114.12,14
114.17,14
114.21,14
114.25,14
114.29,14
114.33,14.1
114.38,14.1
114.42,14.2
114.46,14.2
114.5,14.2
114.54,14.2
114.58,14.2
114.62,14.2
114.67,14.1
114.71,14.2
114.75,14.1
114.79,14.1
114.83,14.1
114.88,14
114.92,14
114.96,14
115,14
115.04,14
115.08,13.9
115.12,13.9
115.17,13.9
115.21,13.9
115.25,13.9
115.29,13.9
115.33,13.9
115.38,14
115.42,14
115.46,14.1
115.5,14.1
115.54,14.2
115.58,14.2
115.62,14.2
115.67,14.2
115.71,14.2
115.75,14.1
115.79,14.2
115.83,14.1
115.88,14.1
115.92,14.1
115.96,14
116,14
116.04,14
116.08,14
116.12,14
116.17,14
116.21,14
116.25,14
116.29,14.1
116.33,14.2
116.38,14.2
116.42,14.3
116.46,14.3
116.5,14.4
116.54,14.3
116.58,14.3
116.62,14.2
116.67,14.2
116.71,14.1
116.75,14
116.79,14
116.83,13.9
116.88,13.9
116.92,13.9
116.96,13.8
117,13.8
117.04,13.8
117.08,13.8
117.12,13.7
117.17,13.7
117.21,13.7
117.25,13.7
117.29,13.8
117.33,13.8
117.38,13.9
117.42,14
117.46,14.1
117.5,14.3
117.54,14.4
117.58,14.4
117.62,14.5
117.67,14.4
117.71,14.2
117.75,14.3
117.79,14.3
117.83,14.3
117.88,14.3
117.92,14.3
117.96,14.3
118,14.3
118.04,14.3
118.08,14.3
118.12,14.3
118.17,14.4
118.21,14.4
118.25,14.5
118.29,14.5
118.33,14.6
118.38,14.7
118.42,14.8
118.46,14.9
118.5,14.9
118.54,14.8
118.58,14.8
118.62,14.7
118.67,14.6
118.71,14.5
118.75,14.4
118.79,14.4
118.83,14.3
118.88,14.3
118.92,14.2
118.96,14.2
119,14.1
119.04,14.1
119.08,14.1
119.12,14
119.17,14
119.21,14
119.25,14
119.29,14
119.33,14
119.38,14
119.42,14.1
119.46,14.2
119.5,14.2
119.54,14.3
119.58,14.4
119.62,14.4
119.67,14.3
119.71,14.3
119.75,14.2
119.79,14.2
119.83,14.2
119.88,14.2
119.92,14.2
119.96,14.2
120,14.1
120.04,14.1
120.08,14.1
120.12,14
120.17,14
120.21,14
120.25,14
120.29,14
120.33,14.1
120.38,14.1
120.42,14.3
120.46,14.5
120.5,14.7
120.54,14.8
120.58,14.9
120.62,15
120.67,14.8
120.71,14.8
120.75,14.8
120.79,14.8
120.83,14.8
120.88,14.8
120.92,14.7
120.96,14.7
121,14.7
121.04,14.6
121.08,14.6
121.12,14.6
121.17,14.6
121.21,14.6
121.25,14.6
121.29,14.6
121.33,14.6
121.38,14.7
121.42,14.8
121.46,15
121.5,15.1
121.54,15.2
121.58,15.4
121.62,15.4
121.67,15.3
121.71,15.3
121.75,15.2
121.79,15.3
121.83,15.2
121.88,15.2
121.92,15.3
121.96,15.3
122,15.2
122.04,15.2
122.08,15.2
122.12,15.1
122.17,15.1
122.21,15.2
122.25,15.2
122.29,15.2
122.33,15.2
122.38,15.3
122.42,15.3
122.46,15.5
122.5,15.6
122.54,15.7
122.58,15.8
122.62,15.9
122.67,15.8
122.71,15.8
122.75,15.7
122.79,15.7
122.83,15.8
122.88,15.8
122.92,15.7
122.96,15.6
123,15.6
123.04,15.5
123.08,15.5
123.12,15.4
123.17,15.4
123.21,15.4
123.25,15.4
123.29,15.4
123.33,15.4
123.38,15.5
123.42,15.6
123.46,15.7
123.5,15.8
123.54,16
123.58,16.1
123.62,16.1
123.67,16
123.71,16
123.75,16
123.79,16
123.83,15.9
123.88,15.9
123.92,15.9
123.96,15.9
124,15.9
124.04,15.9
124.08,15.9
124.12,15.8
124.17,15.8
124.21,15.8
124.25,15.8
124.29,15.8
124.33,15.8
124.38,15.9
124.42,15.9
124.46,16.1
124.5,16.2
124.54,16.3
124.58,16.2
124.62,16.3
124.67,16.2
124.71,16.2
124.75,16.2
124.79,16.2
124.83,16.3
124.88,16.2
124.92,16.3
124.96,16.3
125,16.3
125.04,16.2
125.08,16.2
125.12,16.2
125.17,16.1
125.21,16.1
125.25,16
125.29,16
125.33,16
125.38,16
125.42,16
125.46,16.2
125.5,16.25
125.54,16.3
125.58,16.35
125.62,16.4
125.67,16.4
125.71,16.3
125.75,16.3
125.79,16.3
125.83,16.3
125.88,16.3
125.92,16.3
125.96,16.3
126,16.2
126.04,16.2
126.08,16.2
126.12,16.1
126.17,16.1
126.21,16
126.25,16
126.29,16
126.33,16
126.38,16
126.42,16
126.46,16
126.5,16.2
126.54,16.2
126.58,16.2
126.62,16.3
126.67,16.3
126.71,16.2
126.75,16.2
126.79,16.2
126.83,16.2
126.88,16.2
126.92,16.2
126.96,16.1
127,16.1
127.04,16
127.08,16
127.12,15.9
127.17,15.8
127.21,15.7
127.25,15.7
127.29,15.6
127.33,15.6
127.38,15.7
127.42,15.8
127.46,15.9
127.5,16
127.54,16.2
127.58,16.3
127.62,16.5
127.67,16.4
127.71,16.4
127.75,16.3
127.79,16.3
127.83,16.1
127.88,16.1
127.92,16.1
127.96,16.1
128,16.1
128.04,16.1
128.08,16
128.12,16
128.17,16
128.21,15.9
128.25,15.9
128.29,15.9
128.33,15.9
128.38,15.9
128.42,16
128.46,16.1
128.5,16.3
128.54,16.4
128.58,16.7
128.62,16.8
128.67,16.8
128.71,16.8
128.75,16.9
128.79,16.9
128.83,16.7
128.88,16.5
128.92,16.5
128.96,16.5
129,16.5
129.04,16.5
129.08,16.5
129.12,16.5
129.17,16.5
129.21,16.4
129.25,16.4
129.29,16.4
129.33,16.4
129.38,16.4
129.42,16.5
129.46,16.6
129.5,16.8
129.54,17.1
129.58,17.3
129.62,17.1
129.67,17.2
129.71,17.1
129.75,17.1
129.79,17
129.83,17
129.88,17
129.92,17.1
129.96,17
130,17.2
130.04,17.1
130.08,17.1
130.12,17
130.17,17
130.21,17
130.25,17
130.29,17
130.33,17
130.38,17
130.42,17.1
130.46,17.1
130.5,17.1
130.54,17.2
130.58,17.3
130.62,17.3
130.67,17.3
130.71,17.3
130.75,17.3
130.79,17.3
130.83,17.2
130.88,17.3
130.92,17.4
130.96,17.4
131,17.4
131.04,17.4
131.08,17.4
131.12,17.4
131.17,17.4
131.21,17.3
131.25,17.3
131.29,17.3
131.33,17.3
131.38,17.3
131.42,17.3
131.46,17.3
131.5,17.2
131.54,17.2
131.58,17.2
131.62,17.2
131.67,17.2
131.71,17.1
131.75,17.1
131.79,17
131.83,17
131.88,17
131.92,16.9
131.96,16.9
132,16.9
132.04,16.9
132.08,16.9
132.12,16.8
132.17,16.8
132.21,16.7
132.25,16.7
132.29,16.6
132.33,16.6
132.38,16.5
132.42,16.5
132.46,16.5
132.5,16.5
132.54,16.5
132.58,16.4
132.62,16.4
132.67,16.4
132.71,16.5
132.75,16.5
132.79,16.4
132.83,16.4
132.88,16.4
132.92,16.3
132.96,16.3
133,16.2
133.04,16.1
133.08,16.1
133.12,16
133.17,16
133.21,15.9
133.25,15.9
133.29,15.9
133.33,15.9
133.38,15.9
133.42,15.9
133.46,15.9
133.5,16
133.54,16.1
133.58,16.2
133.62,16.2
133.67,16.2
133.71,16.2
133.75,16.2
133.79,16.2
133.83,16.2
133.88,16.2
133.92,16.2
133.96,16.1
134,16.1
134.04,16.1
134.08,16
134.12,16
134.17,16
134.21,16
134.25,16
134.29,16.1
134.33,16.1
134.38,16.2
134.42,16.3
134.46,16.4
134.5,16.6
134.54,16.7
134.58,16.6
134.62,16.7
134.67,16.6
134.71,16.6
134.75,16.5
134.79,16.6
134.83,16.5
134.88,16.6
134.92,16.6
134.96,16.6
135,16.6
135.04,16.6
135.08,16.6
135.12,16.6
135.17,16.6
135.21,16.6
135.25,16.6
135.29,16.6
135.33,16.6
135.38,16.7
135.42,16.7
135.46,16.8
135.5,16.8
135.54,16.9
135.58,16.9
135.62,16.9
135.67,16.9
135.71,16.9
135.75,16.8
135.79,16.8
135.83,16.7
135.88,16.6
135.92,16.6
135.96,16.5
136,16.4
136.04,16.4
136.08,16.4
136.12,16.3
136.17,16.3
136.21,16.3
136.25,16.3
136.29,16.3
136.33,16.3
136.38,16.3
136.42,16.3
136.46,16.3
136.5,16.3
136.54,16.3
136.58,16.3
136.62,16.3
136.67,16.2
136.71,16.2
136.75,16.2
136.79,16.1
136.83,16.1
136.88,16.1
136.92,16
136.96,16
137,16
137.04,15.9
137.08,15.9
137.12,15.9
137.17,15.8
137.21,15.8
137.25,15.8
137.29,15.8
137.33,15.7
137.38,15.7
137.42,15.8
137.46,15.9
137.5,16
137.54,16
137.58,16.1
137.62,16.1
137.67,16
137.71,16
137.75,16
137.79,16
137.83,16
137.88,16
137.92,16
137.96,16
138,16
138.04,16
138.08,16
138.12,16
138.17,16
138.21,16
138.25,16
138.29,16.1
138.33,16.1
138.38,16.2
138.42,16.3
138.46,16.4
138.5,16.6
138.54,16.7
138.58,16.8
138.62,17
138.67,16.7
138.71,16.6
138.75,16.6
138.79,16.6
138.83,16.6
138.88,16.7
138.92,16.6
138.96,16.6
139,16.6
139.04,16.6
139.08,16.6
139.12,16.6
139.17,16.6
139.21,16.6
139.25,16.5
139.29,16.5
139.33,16.5
139.38,16.6
139.42,16.6
139.46,16.7
139.5,16.8
139.54,16.8
139.58,16.9
139.62,16.9
139.67,17
139.71,16.9
139.75,16.9
139.79,16.9
139.83,16.8
139.88,16.8
139.92,16.7
139.96,16.7
140,16.6
140.04,16.6
140.08,16.5
140.12,16.5
140.17,16.4
140.21,16.4
140.25,16.4
140.29,16.4
140.33,16.4
140.38,16.4
140.42,16.5
140.46,16.6
140.5,16.6
140.54,16.6
140.58,16.8
140.62,16.9
140.67,16.6
140.71,16.6
140.75,16.6
140.79,16.5
140.83,16.5
140.88,16.5
140.92,16.5
140.96,16.6
141,16.6
141.04,16.6
141.08,16.5
141.12,16.5
141.17,16.5
141.21,16.5
141.25,16.5
141.29,16.6
141.33,16.6
141.38,16.6
141.42,16.6
141.46,16.7
141.5,16.7
141.54,16.8
141.58,16.8
141.62,16.9
141.67,17
141.71,17
141.75,17
141.79,17
141.83,17
141.88,17
141.92,17
141.96,17.1
142,17.1
142.04,17.1
142.08,17.1
142.12,17.1
142.17,17.1
142.21,17.1
142.25,17.1
142.29,17.1
142.33,17.1
142.38,17.1
142.42,17.1
142.46,17.1
142.5,17.1
142.54,17.1
142.58,17
142.62,17
142.67,17
142.71,17
142.75,17
142.79,17
142.83,17
142.88,17
142.92,17
142.96,17
143,17
143.04,17
143.08,17
143.12,17
143.17,16.9
143.21,16.9
143.25,16.9
143.29,16.9
143.33,16.9
143.38,16.9
143.42,16.9
143.46,16.8
143.5,16.8
143.54,16.9
143.58,16.8
143.62,16.8
143.67,16.8
143.71,16.8
143.75,16.8
143.79,16.8
143.83,16.8
143.88,16.8
143.92,16.8
143.96,16.8
144,16.8
144.04,16.8
144.08,16.8
144.12,16.7
144.17,16.7
144.21,16.7
144.25,16.7
144.29,16.7
144.33,16.7
144.38,16.7
144.42,16.8
144.46,16.8
144.5,16.8
144.54,16.8
144.58,16.9
144.62,16.9
144.67,17
144.71,16.9
144.75,16.9
144.79,16.9
144.83,16.9
144.88,16.9
144.92,17
144.96,17
145,17
145.04,17
145.08,17
145.12,16.9
145.17,16.9
145.21,16.9
145.25,16.9
145.29,16.9
145.33,16.9
145.38,16.9
145.42,17
145.46,17
145.5,17
145.54,17.1
145.58,17.1
145.62,17.2
145.67,17.2
145.71,17.2
145.75,17.2
145.79,17.2
145.83,17.2
145.88,17.2
145.92,17.2
145.96,17.2
146,17.2
146.04,17.2
146.08,17.2
146.12,17.2
146.17,17.2
146.21,17.2
146.25,17.1
146.29,17.1
146.33,17.2
146.38,17.2
146.42,17.3
146.46,17.3
146.5,17.4
146.54,17.4
146.58,17.7
146.62,17.7
146.67,17.7
146.71,17.6
146.75,17.6
146.79,17.7
146.83,17.7
146.88,17.6
146.92,17.7
146.96,17.6
147,17.6
147.04,17.7
147.08,17.6
147.12,17.6
147.17,17.6
147.21,17.5
147.25,17.5
147.29,17.5
147.33,17.6
147.38,17.6
147.42,17.6
147.46,17.7
147.5,17.8
147.54,17.9
147.58,18.2
147.62,18.3
147.67,18.2333333333333
147.71,18.1666666666667
147.75,18.1
147.79,17.9
147.83,18
147.88,17.9
147.92,17.9
147.96,17.9
148,18
148.04,18
148.08,18
148.12,18
148.17,18
148.21,18
148.25,17.9
148.29,17.9
148.33,18
148.38,18
148.42,18
148.46,18.2
148.5,18.4
148.54,18.7
148.58,18.8
148.62,18.7
148.67,18.8
148.71,18.8
148.75,18.9
148.79,18.9
148.83,18.8
148.88,18.8
148.92,18.9
148.96,18.8
149,18.9
149.04,18.9
149.08,18.9
149.12,18.8
149.17,18.8
149.21,18.7
149.25,18.7
149.29,18.8
149.33,18.8
149.38,18.8
149.42,18.9
149.46,19
149.5,19.2
149.54,19.4
149.58,19.4
149.62,19.3
149.67,19.4
149.71,19.4
149.75,19.5
149.79,19.6
149.83,19.6
149.88,19.5
149.92,19.7
149.96,19.7
150,19.7
150.04,19.6
150.08,19.7
150.12,19.7
150.17,19.6
150.21,19.5
150.25,19.4
150.29,19.4
150.33,19.5
150.38,19.5
150.42,19.6
150.46,19.7
150.5,19.9
150.54,19.9
150.58,20
150.62,19.9
150.67,19.9
150.71,19.8
150.75,19.9
150.79,19.9
150.83,19.8
150.88,20
150.92,19.9
150.96,19.9
151,20
151.04,20
151.08,20
151.12,20
151.17,19.9
151.21,19.9
151.25,19.9
151.29,19.9
151.33,19.9
151.38,19.9
151.42,19.9
151.46,20.1
151.5,20.2
151.54,20.4
151.58,20.2
151.62,20.4
151.67,20.3
151.71,20.3
151.75,20.3
151.79,20.2
151.83,20.3
151.88,20.3
151.92,20.3
151.96,20.2
152,20.1
152.04,20.3
152.08,20
152.12,20.1
152.17,20.2
152.21,20.1
152.25,20.1
152.29,20.1
152.33,20.1
152.38,20.1
152.42,20.1
152.46,20.1
152.5,20.1
152.54,20.1
152.58,20.2
152.62,20
152.67,20.1
152.71,20
152.75,20
152.79,20
152.83,20
152.88,20
152.92,19.9
152.96,19.9
153,19.9
153.04,19.9
153.08,19.8
153.12,19.8
153.17,19.8
153.21,19.7
153.25,19.7
153.29,19.7
153.33,19.7
153.38,19.7
153.42,19.7
153.46,19.7
153.5,19.7
153.54,19.6
153.58,19.6
153.62,19.5
153.67,19.4
153.71,19.4
153.75,19.4
153.79,19.3
153.83,19.3
153.88,19.3
153.92,19.2
153.96,19.2
154,19.2
154.04,19.2
154.08,19.1
154.12,19.1
154.17,19
154.21,19
154.25,19
154.29,19
154.33,19
154.38,19
154.42,19
154.46,19
154.5,19
154.54,19
154.58,19
154.62,19
154.67,18.9
154.71,18.9
154.75,19
154.79,18.9
154.83,19
154.88,19
154.92,19
154.96,19
155,18.9
155.04,18.9
155.08,18.9
155.12,18.8
155.17,18.8
155.21,18.8
155.25,18.7
155.29,18.6
155.33,18.6
155.38,18.6
155.42,18.6
155.46,18.7
155.5,18.9
155.54,18.9
155.58,19.2
155.62,19.6
155.67,19.5
155.71,19.5
155.75,19.3
155.79,19.3
155.83,19.3
155.88,19.2
155.92,19.2
155.96,19.2
156,19.1
156.04,19.2
156.08,19.2
156.12,19.2
156.17,19.2
156.21,19.1
156.25,19.1
156.29,19.1
156.33,19.2
156.38,19.2
156.42,19.3
156.46,19.5
156.5,19.7
156.54,20
156.58,20.2
156.62,20.2
156.67,20.3
156.71,20.4
156.75,20.5
156.79,20.4
156.83,20.3
156.88,20.2
156.92,20.2
156.96,20
157,20
157.04,20
157.08,20
157.12,20
157.17,20
157.21,20
157.25,20
157.29,19.9
157.33,19.9
157.38,20
157.42,20
157.46,20.2
157.5,20.3
157.54,20.6
157.58,20.8
157.62,20.8
157.67,21.1
157.71,21
157.75,21.1
157.79,21.1
157.83,21
157.88,20.9
157.92,20.8
157.96,20.8
158,20.7
158.04,20.6
158.08,20.5
158.12,20.5
158.17,20.5
158.21,20.5
158.25,20.5
158.29,20.5
158.33,20.5
158.38,20.5
158.42,20.6
158.46,20.7
158.5,20.9
158.54,21
158.58,21
158.62,21.1
158.67,20.9
158.71,21.3
158.75,21.3
158.79,21.2
158.83,21.3
158.88,21.2
158.92,21.2
158.96,21.2
159,21.2
159.04,21.2
159.08,21.1
159.12,21
159.17,21
159.21,21
159.25,20.9
159.29,20.9
159.33,20.8
159.38,20.9
159.42,21
159.46,21.2
159.5,21.4
159.54,21.5
159.58,21.5
159.62,21.4
159.67,21.6
159.71,21.7
159.75,21.7
159.79,21.8
159.83,21.8
159.88,21.7
159.92,21.7
159.96,21.7
160,21.7
160.04,21.6
160.08,21.6
160.12,21.6
160.17,21.5
160.21,21.4
160.25,21.3
160.29,21.2
160.33,21.3
160.38,21.3
160.42,21.4
160.46,21.6
160.5,21.8
160.54,21.8
160.58,21.8
160.62,21.8
160.67,21.8
160.71,21.8
160.75,21.8
160.79,21.8
160.83,21.8
160.88,21.9
160.92,22
160.96,22
161,21.9
161.04,21.8
161.08,21.7
161.12,21.7
161.17,21.6
161.21,21.6
161.25,21.5
161.29,21.5
161.33,21.5
161.38,21.5
161.42,21.5
161.46,21.7
161.5,21.9
161.54,22.1
161.58,22
161.62,21.9
161.67,21.8
161.71,21.7
161.75,21.5
161.79,21.7
161.83,21.9
161.88,21.8
161.92,21.8
161.96,21.8
162,21.9
162.04,21.8
162.08,21.8
162.12,21.7
162.17,21.6
162.21,21.6
162.25,21.5
162.29,21.5
162.33,21.5
162.38,21.6
162.42,21.6
162.46,21.7
162.5,22
162.54,22
162.58,22
162.62,21.9
162.67,21.7
162.71,21.7
162.75,21.5
162.79,21.4
162.83,21.7
162.88,21.9
162.92,21.9
162.96,21.9
163,21.7
163.04,21.6
163.08,21.5
163.12,21.5
163.17,21.4
163.21,21.4
163.25,21.3
163.29,21.3
163.33,21.3
163.38,21.3
163.42,21.4
163.46,21.5
163.5,21.7
163.54,21.9
163.58,21.9
163.62,21.8
163.67,21.7
163.71,21.7
163.75,21.6
163.79,21.8
163.83,21.9
163.88,21.9
163.92,21.8
163.96,21.7
164,21.6
164.04,21.5
164.08,21.4
164.12,21.3
164.17,21.2
164.21,21.2
164.25,21.1
164.29,21.1
164.33,21.1
164.38,21.1
164.42,21.2
164.46,21.3
164.5,21.6
164.54,21.7
164.58,21.7
164.62,21.6
164.67,21.8
164.71,21.7
164.75,21.6
164.79,21.6
164.83,21.7
164.88,21.5
164.92,21.5
164.96,21.5
165,21.5
165.04,21.5
165.08,21.4
165.12,21.4
165.17,21.3
165.21,21.2
165.25,21.1
165.29,21.1
165.33,21.1
165.38,21.1
165.42,21.2
165.46,21.4
165.5,21.7
165.54,21.8
165.58,21.8
165.62,21.8
165.67,21.8
165.71,21.8
165.75,21.9
165.79,21.8
165.83,21.9
165.88,21.8
165.92,21.8
165.96,21.8
166,21.8
166.04,21.7
166.08,21.7
166.12,21.6
166.17,21.6
166.21,21.5
166.25,21.4
166.29,21.4
166.33,21.4
166.38,21.4
166.42,21.5
166.46,21.7
166.5,21.8
166.54,21.9
166.58,21.9
166.62,21.9
166.67,21.8
166.71,21.7
166.75,21.7
166.79,21.8
166.83,21.9
166.88,22
166.92,22
166.96,21.8
167,21.9
167.04,21.9
167.08,22
167.12,22
167.17,22
167.21,22
167.25,22
167.29,22
167.33,22
167.38,22
167.42,22.1
167.46,22.3
167.5,22.35
167.54,22.4
167.58,22.45
167.62,22.5
167.67,22.4
167.71,22.3
167.75,22.3
167.79,22.2
167.83,22.3
167.88,22.3
167.92,22.2
167.96,22.2
168,22.2
168.04,22.2
168.08,22.2
168.12,22.1
168.17,22
168.21,22
168.25,21.9
168.29,21.9
168.33,21.9
168.38,21.9
168.42,22
168.46,22.2
168.5,22.3
168.54,22.4
168.58,22.5
168.62,22.4
168.67,22.4
168.71,22.3
168.75,22.2
168.79,22.2
168.83,22.2
168.88,22.2
168.92,22.2
168.96,22.2
169,22.2
169.04,22.1
169.08,22.2
169.12,22.2
169.17,22.1
169.21,22.1
169.25,22
169.29,22
169.33,22
169.38,22.1
169.42,22.2
169.46,22.4
169.5,22.5
169.54,22.6
169.58,22.4
169.62,22.4
169.67,22.4
169.71,22.4
169.75,22.2
169.79,22.4
169.83,22.4
169.88,22.5
169.92,22.6
169.96,22.7
170,22.7
170.04,22.6
170.08,22.5
170.12,22.5
170.17,22.5
170.21,22.4
170.25,22.4
170.29,22.4
170.33,22.4
170.38,22.3
170.42,22.4
170.46,22.4
170.5,22.6
170.54,22.6
170.58,22.5
170.62,22.5
170.67,22.5
170.71,22.4
170.75,22.2
170.79,22.4
170.83,22.3
170.88,22.2
170.92,22.2
170.96,22.1
171,22.1
171.04,22
171.08,22
171.12,22
171.17,22
171.21,21.9
171.25,21.9
171.29,21.8
171.33,21.8
171.38,21.8
171.42,21.9
171.46,22.1
171.5,22.3
171.54,22.4
171.58,22.5
171.62,22.5
171.67,22.5
171.71,22.4
171.75,22.3
171.79,22.3
171.83,22.3
171.88,22.3
171.92,22.3
171.96,22.3
172,22.2
172.04,22.1
172.08,22.1
172.12,22
172.17,22
172.21,21.9
172.25,21.9
172.29,21.9
172.33,21.9
172.38,21.9
172.42,22
172.46,22.1
172.5,22.1
172.54,22.2
172.58,22.3
172.62,22.3
172.67,22.1
172.71,22.1
172.75,22
172.79,22
172.83,21.9
172.88,21.8
172.92,21.9
172.96,21.8
173,21.8
173.04,21.8
173.08,21.8
173.12,21.8
173.17,21.8
173.21,21.8
173.25,21.8
173.29,21.7
173.33,21.7
173.38,21.8
173.42,21.9
173.46,22
173.5,22.1
173.54,22.3
173.58,22.3
173.62,22.4
173.67,22.3
173.71,22.1
173.75,22
173.79,22
173.83,22.1
173.88,22.1
173.92,22
173.96,22
174,22
174.04,22
174.08,22.1
174.12,22.1
174.17,22
174.21,22
174.25,21.9
174.29,21.8
174.33,21.8
174.38,21.9
174.42,22
174.46,22.2
174.5,22.4
174.54,22.3
174.58,22.4
174.62,22.4
174.67,22.4
174.71,22.3
174.75,22.2
174.79,22.1
174.83,22.2
174.88,22.2
174.92,22.2
174.96,22.2
175,22.2
175.04,22.2
175.08,22.2
175.12,22.2
175.17,22.2
175.21,22.1
175.25,22.2
175.29,22.2
175.33,22.2
175.38,22.3
175.42,22.3
175.46,22.4
175.5,22.5
175.54,22.5
175.58,22.6
175.62,22.6
175.67,22.6
175.71,22.5
175.75,22.5
175.79,22.4
175.83,22.4
175.88,22.4
175.92,22.5
175.96,22.4
176,22.5
176.04,22.5
176.08,22.4
176.12,22.4
176.17,22.3
176.21,22.3
176.25,22.3
176.29,22.3
176.33,22.3
176.38,22.3
176.42,22.5
176.46,22.7
176.5,22.8
176.54,22.9
176.58,22.9
176.62,22.8
176.67,22.9
176.71,22.7
176.75,22.8
176.79,22.7
176.83,22.6
176.88,22.7
176.92,22.7
176.96,22.7
177,22.8
177.04,22.8
177.08,22.8
177.12,22.8
177.17,22.8
177.21,22.8
177.25,22.8
177.29,22.8
177.33,22.8
177.38,22.9
177.42,23
177.46,23.1
177.5,23.1
177.54,23.2
177.58,23.2
177.62,23.2
177.67,23.2
177.71,23.3
177.75,23.2
177.79,23.3
177.83,23.2
177.88,23.2
177.92,23.2
177.96,23.3
178,23.4
178.04,23.4
178.08,23.3
178.12,23.3
178.17,23.3
178.21,23.3
178.25,23.4
178.29,23.4
178.33,23.4
178.38,23.4
178.42,23.5
178.46,23.4
178.5,23.5
178.54,23.6
178.58,23.6
178.62,23.7
178.67,23.7
178.71,23.7
178.75,23.6
178.79,23.6
178.83,23.6
178.88,23.6
178.92,23.6
178.96,23.7
179,23.7
179.04,23.7
179.08,23.8
179.12,23.7
179.17,23.7
179.21,23.7
179.25,23.7
179.29,23.7
179.33,23.6
179.38,23.7
179.42,23.7
179.46,23.8
179.5,23.8
179.54,23.9
179.58,23.8
179.62,23.8
179.67,23.8
179.71,23.8
179.75,23.7
179.79,23.7
179.83,23.7
179.88,23.6
179.92,23.5
179.96,23.5
180,23.5
180.04,23.5
180.08,23.5
180.12,23.5
180.17,23.4
180.21,23.4
180.25,23.4
180.29,23.4
180.33,23.4
180.38,23.4
180.42,23.5
180.46,23.7
180.5,23.8
180.54,23.8
180.58,23.9
180.62,23.8
180.67,23.8
180.71,23.8
180.75,23.8
180.79,23.7
180.83,23.7
180.88,23.8
180.92,23.8
180.96,23.8
181,23.9
181.04,23.9
181.08,23.9
181.12,23.8
181.17,23.8
181.21,23.8
181.25,23.8
181.29,23.8
181.33,23.8
181.38,23.8
181.42,23.9
181.46,24.1
181.5,24.4
181.54,24.4
181.58,24.4
181.62,24.4
181.67,24.5
181.71,24.4
181.75,24.4
181.79,24.4
181.83,24.5
181.88,24.4
181.92,24.5
181.96,24.5
182,24.5
182.04,24.4
182.08,24.2
182.12,24.2
182.17,24.1
182.21,24
182.25,24
182.29,24
182.33,24
182.38,24
182.42,24.1
182.46,24.3
182.5,24.6
182.54,24.8
182.58,24.7
182.62,24.6
182.67,24.6
182.71,24.5
182.75,24.5
182.79,24.5
182.83,24.6
182.88,24.6
182.92,24.7
182.96,24.7
183,24.7
183.04,24.7
183.08,24.7
183.12,24.6
183.17,24.6
183.21,24.5
183.25,24.5
183.29,24.4
183.33,24.4
183.38,24.4
183.42,24.5
183.46,24.8
183.5,25
183.54,25
183.58,25.2
183.62,25.1
183.67,25
183.71,25.2
183.75,25.1
183.79,25.1
183.83,25.1
183.88,25.1
183.92,25.1
183.96,25.1
184,25.1
184.04,25.1
184.08,25
184.12,24.9
184.17,24.9
184.21,24.8
184.25,24.8
184.29,24.7
184.33,24.7
184.38,24.8
184.42,24.9
184.46,25.2
184.5,25.2
184.54,25.4
184.58,25.5
184.62,25.4
184.67,25.4
184.71,25.4
184.75,25.3
184.79,25.3
184.83,25.3
184.88,25.3
184.92,25.4
184.96,25.4
185,25.4
185.04,25.4
185.08,25.3
185.12,25.2
185.17,25.2
185.21,25.1
185.25,25.1
185.29,25
185.33,25
185.38,25.1
185.42,25.2
185.46,25.4
185.5,25.6
185.54,25.8
185.58,25.8
185.62,25.8
185.67,25.8
185.71,25.7
185.75,25.6
185.79,25.6
185.83,25.6
185.88,25.7
185.92,25.6
185.96,25.6
186,25.6
186.04,25.5
186.08,25.6
186.12,25.6
186.17,25.5
186.21,25.4
186.25,25.4
186.29,25.4
186.33,25.4
186.38,25.4
186.42,25.7
186.46,25.8
186.5,26
186.54,26
186.58,26.2
186.62,26.1
186.67,26
186.71,25.9
186.75,25.7
186.79,25.6
186.83,25.8
186.88,25.8
186.92,25.8
186.96,25.7
187,25.8
187.04,25.7
187.08,25.7
187.12,25.7
187.17,25.6
187.21,25.6
187.25,25.6
187.29,25.5
187.33,25.5
187.38,25.5
187.42,25.6
187.46,25.8
187.5,26
187.54,26.1
187.58,26.1
187.62,26
187.67,26
187.71,25.9
187.75,25.8
187.79,25.8
187.83,25.8
187.88,25.9
187.92,25.8
187.96,25.8
188,25.7
188.04,25.7
188.08,25.7
188.12,25.7
188.17,25.6
188.21,25.5
188.25,25.5
188.29,25.5
188.33,25.5
188.38,25.5
188.42,25.5
188.46,25.7
188.5,26
188.54,26.1
188.58,26.1
188.62,26
188.67,26
188.71,25.8
188.75,25.8
188.79,25.7
188.83,25.7
188.88,25.7
188.92,25.6
188.96,25.6
189,25.6
189.04,25.5
189.08,25.5
189.12,25.4
189.17,25.4
189.21,25.3
189.25,25.3
189.29,25.2
189.33,25.2
189.38,25.3
189.42,25.3
189.46,25.5
189.5,25.8
189.54,25.9
189.58,26
189.62,25.9
189.67,25.8
189.71,25.7
189.75,25.6
189.79,25.6
189.83,25.6
189.88,25.6
189.92,25.6
189.96,25.6
190,25.5
190.04,25.4
190.08,25.5
190.12,25.5
190.17,25.4
190.21,25.4
190.25,25.4
190.29,25.3
190.33,25.3
190.38,25.3
190.42,25.4
190.46,25.7
190.5,25.8
190.54,25.9
190.58,26
190.62,26
190.67,25.9
190.71,25.8
190.75,25.6
190.79,25.6
190.83,25.6
190.88,25.6
190.92,25.6
190.96,25.5
191,25.4
191.04,25.3
191.08,25.2
191.12,25.2
191.17,25.2
191.21,25.2
191.25,25.1
191.29,25.1
191.33,25.2
191.38,25.2
191.42,25.3
191.46,25.4
191.5,25.6
191.54,25.8
191.58,25.7
191.62,25.8
191.67,25.7
191.71,25.6
191.75,25.5
191.79,25.3
191.83,25.2
191.88,25.1
191.92,25
191.96,25
192,25
192.04,25
192.08,25
192.12,25
192.17,24.9
192.21,24.9
192.25,24.9
192.29,24.9
192.33,24.9
192.38,24.9
192.42,24.9
192.46,24.9
192.5,24.9
192.54,25
192.58,24.9
192.62,24.9
192.67,24.8
192.71,24.7
192.75,24.7
192.79,24.6
192.83,24.5
192.88,24.5
192.92,24.4
192.96,24.4
193,24.4
193.04,24.3
193.08,24.3
193.12,24.2
193.17,24.2
193.21,24.1
193.25,24.1
193.29,24.1
193.33,24.1
193.38,24.1
193.42,24.2
193.46,24.2
193.5,24.4
193.54,24.6
193.58,24.7
193.62,24.5
193.67,24.4
193.71,24.2
193.75,24.3
193.79,24.2
193.83,24.2
193.88,24.2
193.92,24.2
193.96,24.2
194,24.2
194.04,24.1
194.08,24.1
194.12,24
194.17,24
194.21,24
194.25,23.9
194.29,23.9
194.33,24
194.38,24
194.42,24
194.46,24.2
194.5,24.2
194.54,24.4
194.58,24.5
194.62,24.5
194.67,24.4
194.71,24.2
194.75,24.2
194.79,24.1
194.83,24.1
194.88,24.1
194.92,24.1
194.96,24
195,24
195.04,24
195.08,24
195.12,23.9
195.17,23.8
195.21,23.8
195.25,23.7
195.29,23.7
195.33,23.7
195.38,23.7
195.42,23.7
195.46,23.9
195.5,24.2
195.54,24.3
195.58,24.4
195.62,24.6
195.67,24.6
195.71,24.4
195.75,24.3
195.79,24.4
195.83,24.4
195.88,24.4
195.92,24.3
195.96,24.2
196,24.2
196.04,24.2
196.08,24.1
196.12,24
196.17,24
196.21,23.9
196.25,23.8
196.29,23.8
196.33,23.7
196.38,23.7
196.42,23.8
196.46,24
196.5,24.3
196.54,24.3
196.58,24.4
196.62,24.4
196.67,24.3
196.71,24.3
196.75,24.1
196.79,24
196.83,24
196.88,24
196.92,24.1
196.96,24.2
197,24.1
197.04,24.1
197.08,24.1
197.12,24
197.17,23.9
197.21,23.8
197.25,23.8
197.29,23.8
197.33,23.7
197.38,23.8
197.42,23.8
197.46,23.9
197.5,24.1
197.54,24.1
197.58,24.2
197.62,24.3
197.67,24.2
197.71,24.1
197.75,23.9
197.79,23.8
197.83,23.7
197.88,23.7
197.92,23.7
197.96,23.8
198,23.7
198.04,23.7
198.08,23.6
198.12,23.5
198.17,23.4
198.21,23.3
198.25,23.3
198.29,23.3
198.33,23.3
198.38,23.3
198.42,23.3
198.46,23.5
198.5,23.8
198.54,24
198.58,24.1
198.62,24.1
198.67,24
198.71,23.9
198.75,23.7
198.79,23.7
198.83,23.8
198.88,23.8
198.92,23.8
198.96,23.7
199,23.7
199.04,23.6
199.08,23.5
199.12,23.4
199.17,23.3
199.21,23.3
199.25,23.2
199.29,23.2
199.33,23.2
199.38,23.2
199.42,23.3
199.46,23.5
199.5,23.8
199.54,24
199.58,24.1
199.62,24.1
199.67,24
199.71,24
199.75,23.8
199.79,23.9
199.83,23.8
199.88,23.8
199.92,23.8
199.96,23.8
200,23.7
200.04,23.6
200.08,23.6
200.12,23.5
200.17,23.5
200.21,23.4
200.25,23.4
200.29,23.4
200.33,23.4
200.38,23.5
200.42,23.6
200.46,23.8
200.5,24
200.54,24.1
200.58,24.3
200.62,24.2
200.67,24.1
200.71,24
200.75,24
200.79,23.9
200.83,23.9
200.88,24
200.92,24
200.96,24.1
201,24.1
201.04,24.1
201.08,24.1
201.12,24.1
201.17,24.1
201.21,24.1
201.25,24.1
201.29,24
201.33,24
201.38,24
201.42,24.2
201.46,24.4
201.5,24.6
201.54,24.8
201.58,24.8
201.62,24.8
201.67,24.7
201.71,24.7
201.75,24.6
201.79,24.5
201.83,24.4
201.88,24.4
201.92,24.3
201.96,24.3
202,24.3
202.04,24.2
202.08,24.2
202.12,24.2
202.17,24.1
202.21,24.1
202.25,24
202.29,24
202.33,24
202.38,24
202.42,24.1
202.46,24.1
202.5,24.3
202.54,24.5
202.58,24.6
202.62,24.6
202.67,24.5
202.71,24.3
202.75,24.3
202.79,24.2
202.83,24.1
202.88,24.1
202.92,24
202.96,24
203,24
203.04,23.9
203.08,23.8
203.12,23.7
203.17,23.6
203.21,23.6
203.25,23.6
203.29,23.5
203.33,23.5
203.38,23.5
203.42,23.5
203.46,23.6
203.5,23.6
203.54,23.6
203.58,23.7
203.62,23.7
203.67,23.6
203.71,23.6
203.75,23.5
203.79,23.4
203.83,23.4
203.88,23.3
203.92,23.2
203.96,23.2
204,23.1
204.04,23.1
204.08,23.1
204.12,23
204.17,23
204.21,22.9
204.25,22.9
204.29,22.9
204.33,22.8
204.38,22.9
204.42,23
204.46,23.1
204.5,23.2
204.54,23.4
204.58,23.4
204.62,23.4
204.67,23.4
204.71,23.2
204.75,23.1
204.79,23
204.83,23.1
204.88,23
204.92,23
204.96,22.9
205,22.8
205.04,22.8
205.08,22.7
205.12,22.7
205.17,22.6
205.21,22.6
205.25,22.6
205.29,22.5
205.33,22.5
205.38,22.6
205.42,22.6
205.46,22.8
205.5,23.1
205.54,23.15
205.58,23.2
205.62,23.2
205.67,23
205.71,22.9
205.75,22.9
205.79,22.9
205.83,23
205.88,23
205.92,23.1
205.96,23.1
206,23
206.04,23
206.08,23
206.12,22.9
206.17,22.9
206.21,22.9
206.25,22.8
206.29,22.8
206.33,22.8
206.38,22.8
206.42,22.9
206.46,22.9
206.5,22.9
206.54,22.8
206.58,22.8
206.62,22.9
206.67,22.9
206.71,22.9
206.75,22.9
206.79,22.85
206.83,22.8
206.88,22.8
206.92,22.7
206.96,22.7
207,22.6
207.04,22.6
207.08,22.6
207.12,22.5
207.17,22.5
207.21,22.5
207.25,22.4
207.29,22.4
207.33,22.5
207.38,22.5
207.42,22.5
207.46,22.6
207.5,22.6
207.54,22.8
207.58,22.8
207.62,22.7
207.67,22.6
207.71,22.5
207.75,22.6
207.79,22.5
207.83,22.5
207.88,22.5
207.92,22.5
207.96,22.4
208,22.4
208.04,22.4
208.08,22.4
208.12,22.3
208.17,22.2
208.21,22.2
208.25,22.1
208.29,22.1
208.33,22.1
208.38,22.1
208.42,22.2
208.46,22.3
208.5,22.4
208.54,22.4
208.58,22.4
208.62,22.4
208.67,22.2
208.71,22.1
208.75,22
208.79,22.1
208.83,22.2
208.88,22.1
208.92,22
208.96,22
209,22
209.04,21.9
209.08,21.9
209.12,21.8
209.17,21.8
209.21,21.7
209.25,21.7
209.29,21.7
209.33,21.6
209.38,21.7
209.42,21.7
209.46,21.8
209.5,22.1
209.54,22.3
209.58,22.4
209.62,22.3
209.67,22.2
209.71,22.1
209.75,22.2
209.79,22.3
209.83,22.3
209.88,22.3
209.92,22.3
209.96,22.3
210,22.2
210.04,22.1
210.08,22
210.12,22
210.17,21.9
210.21,21.9
210.25,21.9
210.29,21.9
210.33,21.9
210.38,22
210.42,22
210.46,22.2
210.5,22.5
210.54,22.7
210.58,22.8
210.62,22.8
210.67,22.7
210.71,22.8
210.75,22.8
210.79,22.8
210.83,22.8
210.88,22.8
210.92,22.7
210.96,22.7
211,22.6
211.04,22.6
211.08,22.5
211.12,22.4
211.17,22.3
211.21,22.2
211.25,22.2
211.29,22.2
211.33,22.2
211.38,22.3
211.42,22.4
211.46,22.6
211.5,23
211.54,23.1
211.58,23.2
211.62,23.2
211.67,23
211.71,22.9
211.75,22.9
211.79,23.1
211.83,22.8
211.88,22.9
211.92,22.9
211.96,22.9
212,22.9
212.04,23
212.08,23
212.12,23
212.17,22.9
212.21,22.8
212.25,22.8
212.29,22.8
212.33,22.8
212.38,22.8
212.42,23
212.46,23.2
212.5,23.4
212.54,23.5
212.58,23.8
212.62,23.6
212.67,23.6
212.71,23.4
212.75,23.4
212.79,23.4
212.83,23.4
212.88,23.4
212.92,23.3
212.96,23.3
213,23.3
213.04,23.3
213.08,23.3
213.12,23.2
213.17,23.1
213.21,23.1
213.25,23
213.29,23
213.33,23
213.38,23
213.42,23.1
213.46,23.3
213.5,23.6
213.54,23.7
213.58,23.9
213.62,24
213.67,23.8
213.71,23.9
213.75,23.8
213.79,23.8
213.83,23.8
213.88,23.8
213.92,23.8
213.96,23.8
214,23.7
214.04,23.7
214.08,23.6
214.12,23.5
214.17,23.5
214.21,23.4
214.25,23.4
214.29,23.3
214.33,23.4
214.38,23.4
214.42,23.5
214.46,23.4
214.5,23.4
214.54,23.5
214.58,23.5
214.62,23.6
214.67,23.5
214.71,23.5
214.75,23.4
214.79,23.4
214.83,23.3
214.88,23.3
214.92,23.3
214.96,23.3
215,23.3
215.04,23.2
215.08,23.2
215.12,23.2
215.17,23.2
215.21,23.1
215.25,23.1
215.29,23.1
215.33,23.1
215.38,23.1
215.42,23.1
215.46,23.2
215.5,23.3
215.54,23.3
215.58,23.4
215.62,23.2
215.67,23.1
215.71,23.1
215.75,23.1
215.79,23.1
215.83,23
215.88,23
215.92,22.9
215.96,22.9
216,22.9
216.04,22.8
216.08,22.8
216.12,22.8
216.17,22.7
216.21,22.7
216.25,22.6
216.29,22.6
216.33,22.6
216.38,22.6
216.42,22.6
216.46,22.8
216.5,23
216.54,23.2
216.58,23.3
216.62,23.1
216.67,22.9
216.71,22.8
216.75,22.7
216.79,22.7
216.83,22.7
216.88,22.8
216.92,22.8
216.96,22.8
217,22.8
217.04,22.7
217.08,22.6
217.12,22.6
217.17,22.5
217.21,22.4
217.25,22.4
217.29,22.3
217.33,22.3
217.38,22.4
217.42,22.4
217.46,22.5
217.5,22.7
217.54,22.9
217.58,23
217.62,23.1
217.67,22.9
217.71,22.8
217.75,22.9
217.79,22.7
217.83,22.6
217.88,22.6
217.92,22.6
217.96,22.5
218,22.5
218.04,22.5
218.08,22.4
218.12,22.3
218.17,22.3
218.21,22.2
218.25,22.1
218.29,22.1
218.33,22.1
218.38,22.1
218.42,22.2
218.46,22.3
218.5,22.5
218.54,22.7
218.58,22.8
218.62,22.8
218.67,22.7
218.71,22.6
218.75,22.6
218.79,22.6
218.83,22.5
218.88,22.5
218.92,22.4
218.96,22.3
219,22.3
219.04,22.2
219.08,22.2
219.12,22.1
219.17,22.1
219.21,22
219.25,22
219.29,22
219.33,22
219.38,22
219.42,22.1
219.46,22.2
219.5,22.5
219.54,22.7
219.58,22.8
219.62,22.7
219.67,22.6
219.71,22.6
219.75,22.8
219.79,22.6
219.83,22.6
219.88,22.5
219.92,22.6
219.96,22.6
220,22.5
220.04,22.5
220.08,22.4
220.12,22.4
220.17,22.4
220.21,22.3
220.25,22.2
220.29,22.2
220.33,22.2
220.38,22.2
220.42,22.4
220.46,22.6
220.5,22.8
220.54,22.9
220.58,22.9
220.62,22.9
220.67,22.7
220.71,22.7
220.75,22.7
220.79,22.6
220.83,22.6
220.88,22.6
220.92,22.7
220.96,22.7
221,22.8
221.04,22.7
221.08,22.7
221.12,22.7
221.17,22.7
221.21,22.7
221.25,22.7
221.29,22.6
221.33,22.7
221.38,22.7
221.42,22.8
221.46,23
221.5,23.2
221.54,23.3
221.58,23.4
221.62,23.4
221.67,23.3
221.71,23.2
221.75,23.1
221.79,23.1
221.83,23.1
221.88,23.1
221.92,23.1
221.96,23.1
222,23.1
222.04,23.1
222.08,23.1
222.12,23.1
222.17,23.1
222.21,23.1
222.25,23
222.29,23
222.33,23
222.38,23
222.42,23.1
222.46,23.4
222.5,23.6
222.54,23.6
222.58,23.8
222.62,23.7
222.67,23.6
222.71,23.6
222.75,23.5
222.79,23.4
222.83,23.3
222.88,23.4
222.92,23.4
222.96,23.4
223,23.4
223.04,23.4
223.08,23.3
223.12,23.3
223.17,23.3
223.21,23.3
223.25,23.2
223.29,23.2
223.33,23.3
223.38,23.3
223.42,23.3
223.46,23.5
223.5,23.7
223.54,23.8
223.58,23.8
223.62,23.9
223.67,23.7
223.71,23.7
223.75,23.7
223.79,23.6
223.83,23.5
223.88,23.5
223.92,23.5
223.96,23.4
224,23.4
224.04,23.4
224.08,23.3
224.12,23.3
224.17,23.3
224.21,23.2
224.25,23.3
224.29,23.3
224.33,23.3
224.38,23.3
224.42,23.4
224.46,23.6
224.5,23.9
224.54,23.9
224.58,24
224.62,24
224.67,24
224.71,23.9
224.75,23.8
224.79,23.8
224.83,23.6
224.88,23.6
224.92,23.6
224.96,23.6
225,23.6
225.04,23.6
225.08,23.5
225.12,23.5
225.17,23.5
225.21,23.4
225.25,23.4
225.29,23.4
225.33,23.4
225.38,23.4
225.42,23.5
225.46,23.7
225.5,24
225.54,24.2
225.58,24.4
225.62,24.5
225.67,24.3
225.71,24.2
225.75,24.1
225.79,24
225.83,23.8
225.88,23.9
225.92,23.9
225.96,23.8
226,23.7
226.04,23.7
226.08,23.6
226.12,23.6
226.17,23.6
226.21,23.6
226.25,23.5
226.29,23.5
226.33,23.5
226.38,23.5
226.42,23.6
226.46,23.6
226.5,23.6
226.54,23.6
226.58,23.6
226.62,23.6
226.67,23.6
226.71,23.6
226.75,23.5
226.79,23.5
226.83,23.4
226.88,23.4
226.92,23.3
226.96,23.3
227,23.2
227.04,23.2
227.08,23.2
227.12,23.2
227.17,23.1
227.21,23.1
227.25,23
227.29,23
227.33,23
227.38,23.1
227.42,23.1
227.46,23.2
227.5,23.3
227.54,23.4
227.58,23.5
227.62,23.6
227.67,23.3
227.71,23.2
227.75,23.1
227.79,23
227.83,22.9
227.88,22.9
227.92,22.8
227.96,22.8
228,22.8
228.04,22.7
228.08,22.6
228.12,22.5
228.17,22.5
228.21,22.4
228.25,22.4
228.29,22.3
228.33,22.3
228.38,22.3
228.42,22.4
228.46,22.5
228.5,22.7
228.54,22.9
228.58,23
228.62,22.9
228.67,22.7
228.71,22.6
228.75,22.5
228.79,22.5
228.83,22.6
228.88,22.6
228.92,22.6
228.96,22.5
229,22.4
229.04,22.4
229.08,22.3
229.12,22.2
229.17,22.2
229.21,22.1
229.25,22.1
229.29,22
229.33,22
229.38,22
229.42,22.1
229.46,22.2
229.5,22.5
229.54,22.7
229.58,22.7
229.62,22.7
229.67,22.6
229.71,22.6
229.75,22.5
229.79,22.6
229.83,22.6
229.88,22.5
229.92,22.5
229.96,22.4
230,22.4
230.04,22.4
230.08,22.3
230.12,22.3
230.17,22.2
230.21,22.1
230.25,22.1
230.29,22.1
230.33,22
230.38,22.1
230.42,22.1
230.46,22.3
230.5,22.5
230.54,22.7
230.58,22.7
230.62,22.7
230.67,22.6
230.71,22.5
230.75,22.6
230.79,22.6
230.83,22.6
230.88,22.6
230.92,22.6
230.96,22.5
231,22.5
231.04,22.5
231.08,22.5
231.12,22.5
231.17,22.5
231.21,22.5
231.25,22.4
231.29,22.4
231.33,22.5
231.38,22.5
231.42,22.6
231.46,22.8
231.5,23
231.54,23.2
231.58,23.3
231.62,23.4
231.67,23.4
231.71,23.2
231.75,23.3
231.79,23.2
231.83,23.3
231.88,23.3
231.92,23.3
231.96,23.4
232,23.3
232.04,23.1
232.08,23.1
232.12,23
232.17,22.9
232.21,22.8
232.25,22.8
232.29,22.8
232.33,22.8
232.38,22.8
232.42,22.9
232.46,23
232.5,23.2
232.54,23.3
232.58,23.4
232.62,23.3
232.67,23.3
232.71,23.4
232.75,23.4
232.79,23.3
232.83,23.2
232.88,23.2
232.92,23.1
232.96,23
233,22.9
233.04,22.9
233.08,22.8
233.12,22.7
233.17,22.7
233.21,22.6
233.25,22.6
233.29,22.6
233.33,22.6
233.38,22.6
233.42,22.6
233.46,22.7
233.5,22.9
233.54,23
233.58,23.2
233.62,23.2
233.67,23
233.71,23
233.75,22.9
233.79,22.8
233.83,22.8
233.88,22.7
233.92,22.7
233.96,22.7
234,22.7
234.04,22.6
234.08,22.6
234.12,22.5
234.17,22.4
234.21,22.4
234.25,22.3
234.29,22.3
234.33,22.3
234.38,22.4
234.42,22.4
234.46,22.5
234.5,22.6
234.54,22.7
234.58,22.9
234.62,22.8
234.67,22.7
234.71,22.6
234.75,22.6
234.79,22.6
234.83,22.4
234.88,22.4
234.92,22.3
234.96,22.3
235,22.3
235.04,22.2
235.08,22.2
235.12,22.1
235.17,22
235.21,22
235.25,21.9
235.29,21.9
235.33,21.9
235.38,22
235.42,22.1
235.46,22.2
235.5,22.3
235.54,22.4
235.58,22.4
235.62,22.3
235.67,22.2
235.71,22.2
235.75,22.1
235.79,22.1
235.83,22
235.88,21.9
235.92,21.9
235.96,21.9
236,21.9
236.04,21.8
236.08,21.8
236.12,21.8
236.17,21.8
236.21,21.7
236.25,21.7
236.29,21.6
236.33,21.7
236.38,21.7
236.42,21.8
236.46,21.9
236.5,22
236.54,22.2
236.58,22.3
236.62,22.2
236.67,22
236.71,22
236.75,22
236.79,21.9
236.83,21.8
236.88,21.8
236.92,21.8
236.96,21.8
237,21.7
237.04,21.7
237.08,21.6
237.12,21.6
237.17,21.6
237.21,21.5
237.25,21.4
237.29,21.4
237.33,21.4
237.38,21.4
237.42,21.5
237.46,21.6
237.5,21.9
237.54,22
237.58,22.1
237.62,22
237.67,21.8
237.71,21.8
237.75,21.8
237.79,21.7
237.83,21.7
237.88,21.7
237.92,21.7
237.96,21.6
238,21.6
238.04,21.5
238.08,21.5
238.12,21.4
238.17,21.4
238.21,21.4
238.25,21.3
238.29,21.3
238.33,21.3
238.38,21.3
238.42,21.4
238.46,21.5
238.5,21.7
238.54,21.9
238.58,21.9
238.62,22
238.67,21.8
238.71,21.7
238.75,21.7
238.79,21.6
238.83,21.6
238.88,21.6
238.92,21.6
238.96,21.6
239,21.6
239.04,21.5
239.08,21.5
239.12,21.4
239.17,21.4
239.21,21.4
239.25,21.4
239.29,21.4
239.33,21.4
239.38,21.4
239.42,21.4
239.46,21.6
239.5,21.8
239.54,22
239.58,22
239.62,22
239.67,21.8
239.71,21.8
239.75,21.8
239.79,21.7
239.83,21.7
239.88,21.8
239.92,21.8
239.96,21.7
240,21.7
240.04,21.6
240.08,21.6
240.12,21.6
240.17,21.6
240.21,21.7
240.25,21.6
240.29,21.6
240.33,21.7
240.38,21.7
240.42,21.8
240.46,21.9
240.5,22.1
240.54,22.1
240.58,22.2
240.62,22.3
240.67,22.1
240.71,22.1
240.75,22.2
240.79,22.2
240.83,22.1
240.88,22
240.92,22
240.96,22
241,22
241.04,22
241.08,21.9
241.12,21.9
241.17,21.8
241.21,21.8
241.25,21.8
241.29,21.8
241.33,21.8
241.38,21.8
241.42,21.7
241.46,21.8
241.5,21.8
241.54,21.9
241.58,21.8
241.62,21.8
241.67,21.8
241.71,21.8
241.75,21.8
241.79,21.7
241.83,21.7
241.88,21.7
241.92,21.7
241.96,21.7
242,21.6
242.04,21.6
242.08,21.6
242.12,21.6
242.17,21.6
242.21,21.6
242.25,21.6
242.29,21.5
242.33,21.5
242.38,21.5
242.42,21.5
242.46,21.6
242.5,21.6
242.54,21.7
242.58,21.7
242.62,21.7
242.67,21.6
242.71,21.6
242.75,21.5
242.79,21.5
242.83,21.5
242.88,21.4
242.92,21.4
242.96,21.4
243,21.3
243.04,21.3
243.08,21.2
243.12,21.2
243.17,21.1
243.21,21
243.25,21
243.29,21
243.33,21
243.38,20.9
243.42,21
243.46,21
243.5,21
243.54,21
243.58,20.9
243.62,21
243.67,20.9
243.71,20.8
243.75,20.7
243.79,20.7
243.83,20.7
243.88,20.6
243.92,20.6
243.96,20.6
244,20.5
244.04,20.5
244.08,20.5
244.12,20.5
244.17,20.5
244.21,20.5
244.25,20.4
244.29,20.4
244.33,20.5
244.38,20.5
244.42,20.5
244.46,20.6
244.5,20.8
244.54,20.9
244.58,20.9
244.62,20.8
244.67,20.7
244.71,20.7
244.75,20.7
244.79,20.7
244.83,20.8
244.88,20.8
244.92,20.8
244.96,20.8
245,20.8
245.04,20.8
245.08,20.7
245.12,20.7
245.17,20.7
245.21,20.7
245.25,20.7
245.29,20.7
245.33,20.7
245.38,20.7
245.42,20.7
245.46,20.7
245.5,20.8
245.54,20.8
245.58,20.9
245.62,20.9
245.67,20.8
245.71,20.7
245.75,20.7
245.79,20.7
245.83,20.6
245.88,20.6
245.92,20.6
245.96,20.6
246,20.5
246.04,20.5
246.08,20.5
246.12,20.4
246.17,20.4
246.21,20.3
246.25,20.3
246.29,20.2
246.33,20.2
246.38,20.3
246.42,20.3
246.46,20.4
246.5,20.7
246.54,20.5
246.58,20.5
246.62,20.5
246.67,20.4
246.71,20.4
246.75,20.3
246.79,20.3
246.83,20.3
246.88,20.2
246.92,20.2
246.96,20.1
247,20.1
247.04,20
247.08,20
247.12,19.9
247.17,19.9
247.21,19.8
247.25,19.8
247.29,19.8
247.33,19.8
247.38,19.9
247.42,19.9
247.46,20
247.5,20.2
247.54,20.3
247.58,20.4
247.62,20.2
247.67,20.1
247.71,20.1
247.75,20
247.79,20
247.83,19.9
247.88,19.9
247.92,19.9
247.96,19.8
248,19.8
248.04,19.8
248.08,19.7
248.12,19.7
248.17,19.7
248.21,19.6
248.25,19.6
248.29,19.6
248.33,19.6
248.38,19.6
248.42,19.7
248.46,19.8
248.5,20
248.54,20
248.58,19.8
248.62,19.8
248.67,19.7
248.71,19.6
248.75,19.6
248.79,19.5
248.83,19.5
248.88,19.4
248.92,19.4
248.96,19.4
249,19.4
249.04,19.3
249.08,19.3
249.12,19.2
249.17,19.2
249.21,19.2
249.25,19.1
249.29,19.2
249.33,19.2
249.38,19.2
249.42,19.2
249.46,19.2
249.5,19.2
249.54,19.4
249.58,19.4
249.62,19.3
249.67,19.2
249.71,19.1
249.75,19
249.79,19
249.83,19
249.88,18.9
249.92,18.9
249.96,18.9
250,18.8
250.04,18.8
250.08,18.8
250.12,18.8
250.17,18.8
250.21,18.7
250.25,18.7
250.29,18.7
250.33,18.8
250.38,18.8
250.42,18.8
250.46,18.9
250.5,19.1
250.54,19.2
250.58,19.2
250.62,19.2
250.67,19.1
250.71,19
250.75,19
250.79,19
250.83,18.9
250.88,18.8
250.92,18.8
250.96,18.8
251,18.8
251.04,18.8
251.08,18.8
251.12,18.7
251.17,18.7
251.21,18.6
251.25,18.6
251.29,18.6
251.33,18.6
251.38,18.6
251.42,18.6
251.46,18.8
251.5,19
251.54,19.1
251.58,19.2
251.62,19
251.67,19
251.71,19
251.75,19.1
251.79,19.1
251.83,19
251.88,19
251.92,19
251.96,19
252,19
252.04,18.9
252.08,18.9
252.12,18.9
252.17,18.9
252.21,18.9
252.25,18.9
252.29,18.9
252.33,18.9
252.38,19
252.42,19.05
252.46,19.1
252.5,19.3
252.54,19.4
252.58,19.5
252.62,19.4
252.67,19.3
252.71,19.3
252.75,19.2
252.79,19.3
252.83,19.2
252.88,19.2
252.92,19.2
252.96,19.2
253,19.2
253.04,19.1
253.08,19.1
253.12,19.1
253.17,19.1
253.21,19.1
253.25,19
253.29,19
253.33,19.1
253.38,19.1
253.42,19.1
253.46,19.3
253.5,19.4
253.54,19.6
253.58,19.7
253.62,19.6
253.67,19.6
253.71,19.5
253.75,19.5
253.79,19.6
253.83,19.5
253.88,19.5
253.92,19.4
253.96,19.4
254,19.4
254.04,19.4
254.08,19.3
254.12,19.3
254.17,19.3
254.21,19.3
254.25,19.3
254.29,19.3
254.33,19.3
254.38,19.4
254.42,19.4
254.46,19.6
254.5,19.7
254.54,19.8
254.58,19.8
254.62,19.8
254.67,19.7
254.71,19.7
254.75,19.7
254.79,19.7
254.83,19.7
254.88,19.7
254.92,19.7
254.96,19.6
255,19.6
255.04,19.6
255.08,19.6
255.12,19.6
255.17,19.5
255.21,19.6
255.25,19.6
255.29,19.6
255.33,19.6
255.38,19.6
255.42,19.7
255.46,19.8
255.5,20.1
255.54,20.2
255.58,20.2
255.62,20.2
255.67,20
255.71,19.9
255.75,20
255.79,19.9
255.83,19.8
255.88,19.8
255.92,19.8
255.96,19.8
256,19.8
256.04,19.8
256.08,19.8
256.12,19.8
256.17,19.8
256.21,19.8
256.25,19.8
256.29,19.8
256.33,19.8
256.38,19.9
256.42,19.9
256.46,20.1
256.5,20.1
256.54,20.2
256.58,20.5
256.62,20.4
256.67,20.3
256.71,20.3
256.75,20.1
256.79,20.1
256.83,20
256.88,20
256.92,20
256.96,20
257,19.9
257.04,19.9
257.08,19.8
257.12,19.7
257.17,19.7
257.21,19.6
257.25,19.6
257.29,19.6
257.33,19.5
257.38,19.5
257.42,19.5
257.46,19.6
257.5,19.6
257.54,19.5
257.58,19.5
257.62,19.5
257.67,19.5
257.71,19.5
257.75,19.5
257.79,19.4
257.83,19.4
257.88,19.3
257.92,19.3
257.96,19.2
258,19.2
258.04,19.2
258.08,19.1
258.12,19.1
258.17,19.1
258.21,19
258.25,19
258.29,19
258.33,19
258.38,19
258.42,19
258.46,19.1
258.5,19.2
258.54,19.2
258.58,19.2
258.62,19.2
258.67,19
258.71,18.9
258.75,18.8
258.79,18.7
258.83,18.7
258.88,18.6
258.92,18.6
258.96,18.6
259,18.6
259.04,18.6
259.08,18.6
259.12,18.5
259.17,18.5
259.21,18.5
259.25,18.4
259.29,18.4
259.33,18.4
259.38,18.5
259.42,18.5
259.46,18.6
259.5,18.6
259.54,18.7
259.58,18.6
259.62,18.4
259.67,18.4
259.71,18.3
259.75,18.2
259.79,18.2
259.83,18.2
259.88,18.2
259.92,18.2
259.96,18.2
260,18.2
260.04,18.2
260.08,18.2
260.12,18.2
260.17,18.2
260.21,18.2
260.25,18.2
260.29,18.1
260.33,18.1
260.38,18.2
260.42,18.2
260.46,18.3
260.5,18.3
260.54,18.4
260.58,18.5
260.62,18.4
260.67,18.4
260.71,18.4
260.75,18.3
260.79,18.3
260.83,18.3
260.88,18.3
260.92,18.3
260.96,18.3
261,18.3
261.04,18.3
261.08,18.2
261.12,18.2
261.17,18.2
261.21,18.2
261.25,18.1
261.29,18.1
261.33,18.1
261.38,18.1
261.42,18.2
261.46,18.3
261.5,18.5
261.54,18.6
261.58,18.8
261.62,18.6
261.67,18.5
261.71,18.5
261.75,18.5
261.79,18.4
261.83,18.3
261.88,18.3
261.92,18.3
261.96,18.3
262,18.3
262.04,18.2
262.08,18.2
262.12,18.2
262.17,18.2
262.21,18.2
262.25,18.1
262.29,18.1
262.33,18
262.38,18
262.42,18.1
262.46,18.2
262.5,18.3
262.54,18.4
262.58,18.4
262.62,18.3
262.67,18.2
262.71,18.3
262.75,18.2
262.79,18.2
262.83,18.2
262.88,18.2
262.92,18.2
262.96,18.2
263,18.2
263.04,18.2
263.08,18.3
263.12,18.3
263.17,18.3
263.21,18.3
263.25,18.3
263.29,18.3
263.33,18.3
263.38,18.4
263.42,18.4
263.46,18.5
263.5,18.6
263.54,18.7
263.58,18.8
263.62,18.7
263.67,18.6
263.71,18.6
263.75,18.6
263.79,18.6
263.83,18.6
263.88,18.6
263.92,18.6
263.96,18.7
264,18.7
264.04,18.8
264.08,18.8
264.12,18.7
264.17,18.7
264.21,18.7
264.25,18.7
264.29,18.7
264.33,18.7
264.38,18.8
264.42,18.7
264.46,18.8
264.5,19
264.54,19.1
264.58,19.3
264.62,19.1
264.67,19
264.71,18.9
264.75,18.9
264.79,18.9
264.83,18.8
264.88,18.8
264.92,18.8
264.96,18.8
265,18.7
265.04,18.7
265.08,18.6
265.12,18.6
265.17,18.5
265.21,18.4
265.25,18.4
265.29,18.3
265.33,18.3
265.38,18.4
265.42,18.4
265.46,18.5
265.5,18.6
265.54,18.8
265.58,18.8
265.62,18.8
265.67,18.6
265.71,18.5
265.75,18.5
265.79,18.5
265.83,18.4
265.88,18.4
265.92,18.4
265.96,18.4
266,18.3
266.04,18.3
266.08,18.2
266.12,18.2
266.17,18.2
266.21,18.1
266.25,18.1
266.29,18
266.33,18
266.38,18
266.42,18.1
266.46,18.2
266.5,18.4
266.54,18.6
266.58,18.5
266.62,18.4
266.67,18.2
266.71,18.2
266.75,18.1
266.79,18
266.83,18
266.88,18
266.92,17.9
266.96,17.9
267,17.9
267.04,17.9
267.08,17.9
267.12,17.8
267.17,17.8
267.21,17.8
267.25,17.8
267.29,17.8
267.33,17.8
267.38,17.8
267.42,17.8
267.46,18
267.5,18.2
267.54,18.3
267.58,18.1
267.62,18.1
267.67,18
267.71,17.9
267.75,17.9
267.79,17.8
267.83,17.8
267.88,17.8
267.92,17.7
267.96,17.7
268,17.7
268.04,17.7
268.08,17.7
268.12,17.7
268.17,17.7
268.21,17.7
268.25,17.7
268.29,17.7
268.33,17.8
268.38,17.8
268.42,17.8
268.46,17.8
268.5,17.8
268.54,17.9
268.58,18
268.62,18
268.67,17.9
268.71,17.8
268.75,17.8
268.79,17.8
268.83,17.8
268.88,17.8
268.92,17.8
268.96,17.8
269,17.8
269.04,17.8
269.08,17.8
269.12,17.8
269.17,17.8
269.21,17.8
269.25,17.8
269.29,17.7
269.33,17.7
269.38,17.7
269.42,17.7
269.46,17.8
269.5,18
269.54,18.1
269.58,18.2
269.62,18
269.67,17.9
269.71,17.9
269.75,17.9
269.79,17.8
269.83,17.8
269.88,17.8
269.92,17.8
269.96,17.8
270,17.7
270.04,17.7
270.08,17.7
270.12,17.6
270.17,17.5
270.21,17.5
270.25,17.4
270.29,17.4
270.33,17.4
270.38,17.4
270.42,17.4
270.46,17.6
270.5,17.7
270.54,17.8
270.58,17.8
270.62,17.7
270.67,17.6
270.71,17.5
270.75,17.5
270.79,17.5
270.83,17.5
270.88,17.4
270.92,17.4
270.96,17.4
271,17.3
271.04,17.3
271.08,17.2
271.12,17.2
271.17,17.1
271.21,17.1
271.25,17
271.29,17
271.33,17
271.38,17
271.42,17
271.46,17.2
271.5,17.3
271.54,17.3
271.58,17.4
271.62,17.3
271.67,17.2
271.71,17.2
271.75,17.1
271.79,17
271.83,17
271.88,17
271.92,17
271.96,17
272,16.9
272.04,16.9
272.08,16.9
272.12,16.8
272.17,16.8
272.21,16.7
272.25,16.7
272.29,16.6
272.33,16.6
272.38,16.6
272.42,16.7
272.46,16.8
272.5,16.9
272.54,17
272.58,17
272.62,17
272.67,17
272.71,17
272.75,16.9
272.79,16.8
272.83,16.8
272.88,16.8
272.92,16.8
272.96,16.8
273,16.8
273.04,16.8
273.08,16.8
273.12,16.8
273.17,16.8
273.21,16.7
273.25,16.7
273.29,16.7
273.33,16.7
273.38,16.7
273.42,16.8
273.46,16.9
273.5,17
273.54,17.2
273.58,17.2
273.62,17.1
273.67,17
273.71,17
273.75,16.9
273.79,16.9
273.83,16.9
273.88,16.8
273.92,16.8
273.96,16.8
274,16.8
274.04,16.8
274.08,16.8
274.12,16.8
274.17,16.7
274.21,16.7
274.25,16.6
274.29,16.6
274.33,16.6
274.38,16.7
274.42,16.8
274.46,16.9
274.5,17
274.54,17.2
274.58,17.2
274.62,17.1
274.67,17
274.71,16.9
274.75,16.9
274.79,16.8
274.83,16.8
274.88,16.8
274.92,16.8
274.96,16.8
275,16.8
275.04,16.8
275.08,16.7
275.12,16.7
275.17,16.7
275.21,16.7
275.25,16.6
275.29,16.6
275.33,16.6
275.38,16.7
275.42,16.8
275.46,16.8
275.5,16.8
275.54,16.8
275.58,16.8
275.62,16.8
275.67,16.8
275.71,16.7
275.75,16.7
275.79,16.7
275.83,16.6
275.88,16.6
275.92,16.6
275.96,16.6
276,16.6
276.04,16.6
276.08,16.5
276.12,16.5
276.17,16.4
276.21,16.4
276.25,16.3
276.29,16.3
276.33,16.3
276.38,16.3
276.42,16.4
276.46,16.5
276.5,16.7
276.54,16.8
276.58,16.8
276.62,16.8
276.67,16.6
276.71,16.6
276.75,16.6
276.79,16.6
276.83,16.5
276.88,16.5
276.92,16.5
276.96,16.4
277,16.4
277.04,16.4
277.08,16.4
277.12,16.4
277.17,16.4
277.21,16.3
277.25,16.3
277.29,16.2
277.33,16.2
277.38,16.3
277.42,16.3
277.46,16.5
277.5,16.6
277.54,16.8
277.58,16.8
277.62,16.7
277.67,16.6
277.71,16.6
277.75,16.5
277.79,16.4
277.83,16.4
277.88,16.4
277.92,16.4
277.96,16.4
278,16.4
278.04,16.4
278.08,16.3
278.12,16.3
278.17,16.3
278.21,16.3
278.25,16.2
278.29,16.2
278.33,16.2
278.38,16.2
278.42,16.3
278.46,16.4
278.5,16.6
278.54,16.8
278.58,16.6
278.62,16.6
278.67,16.6
278.71,16.6
278.75,16.6
278.79,16.5
278.83,16.4
278.88,16.4
278.92,16.4
278.96,16.4
279,16.4
279.04,16.3
279.08,16.3
279.12,16.3
279.17,16.3
279.21,16.3
279.25,16.2
279.29,16.2
279.33,16.2
279.38,16.3
279.42,16.3
279.46,16.4
279.5,16.5
279.54,16.6
279.58,16.6
279.62,16.5
279.67,16.4
279.71,16.4
279.75,16.4
279.79,16.4
279.83,16.4
279.88,16.4
279.92,16.4
279.96,16.4
280,16.4
280.04,16.4
280.08,16.4
280.12,16.4
280.17,16.5
280.21,16.5
280.25,16.5
280.29,16.5
280.33,16.5
280.38,16.5
280.42,16.5
280.46,16.6
280.5,16.6
280.54,16.6
280.58,16.6
280.62,16.6
280.67,16.6
280.71,16.6
280.75,16.5
280.79,16.5
280.83,16.5
280.88,16.5
280.92,16.5
280.96,16.5
281,16.5
281.04,16.5
281.08,16.5
281.12,16.5
281.17,16.5
281.21,16.5
281.25,16.5
281.29,16.5
281.33,16.5
281.38,16.5
281.42,16.6
281.46,16.6
281.5,16.7
281.54,16.8
281.58,16.8
281.62,16.7
281.67,16.6
281.71,16.6
281.75,16.5
281.79,16.5
281.83,16.4
281.88,16.4
281.92,16.4
281.96,16.4
282,16.4
282.04,16.4
282.08,16.4
282.12,16.4
282.17,16.4
282.21,16.4
282.25,16.4
282.29,16.4
282.33,16.4
282.38,16.4
282.42,16.5
282.46,16.5
282.5,16.6
282.54,16.6
282.58,16.6
282.62,16.6
282.67,16.6
282.71,16.6
282.75,16.5
282.79,16.5
282.83,16.5
282.88,16.5
282.92,16.5
282.96,16.5
283,16.5
283.04,16.5
283.08,16.5
283.12,16.4
283.17,16.4
283.21,16.4
283.25,16.4
283.29,16.4
283.33,16.5
283.38,16.5
283.42,16.6
283.46,16.6
283.5,16.6
283.54,16.6
283.58,16.6
283.62,16.6
283.67,16.5
283.71,16.5
283.75,16.5
283.79,16.4
283.83,16.4
283.88,16.4
283.92,16.4
283.96,16.4
284,16.4
284.04,16.4
284.08,16.4
284.12,16.4
284.17,16.4
284.21,16.4
284.25,16.4
284.29,16.4
284.33,16.4
284.38,16.4
284.42,16.5
284.46,16.6
284.5,16.7
284.54,16.7
284.58,16.6
284.62,16.6
284.67,16.5
284.71,16.5
284.75,16.5
284.79,16.5
284.83,16.5
284.88,16.5
284.92,16.4
284.96,16.4
285,16.4
285.04,16.4
285.08,16.4
285.12,16.4
285.17,16.4
285.21,16.3
285.25,16.3
285.29,16.3
285.33,16.3
285.38,16.4
285.42,16.4
285.46,16.4
285.5,16.6
285.54,16.6
285.58,16.6
285.62,16.5
285.67,16.4
285.71,16.4
285.75,16.4
285.79,16.4
285.83,16.3
285.88,16.3
285.92,16.3
285.96,16.3
286,16.3
286.04,16.2
286.08,16.2
286.12,16.2
286.17,16.1
286.21,16.1
286.25,16
286.29,16
286.33,16
286.38,16
286.42,16
286.46,16.1
286.5,16.2
286.54,16.3
286.58,16.4
286.62,16.3
286.67,16.3
286.71,16.2
286.75,16.2
286.79,16.2
286.83,16.2
286.88,16.2
286.92,16.2
286.96,16.2
287,16.2
287.04,16.1
287.08,16.1
287.12,16.1
287.17,16
287.21,16
287.25,16
287.29,16
287.33,16
287.38,16
287.42,16
287.46,16.1
287.5,16.2
287.54,16.3
287.58,16.2
287.62,16.2
287.67,16.1
287.71,16.2
287.75,16.1
287.79,16.1
287.83,16.1
287.88,16.1
287.92,16.1
287.96,16.1
288,16.1
288.04,16.1
288.08,16
288.12,16
288.17,16
288.21,15.9
288.25,15.9
288.29,15.9
288.33,15.9
288.38,15.9
288.42,16
288.46,16.1
288.5,16.2
288.54,16.2
288.58,16.3
288.62,16.3
288.67,16.4
288.71,16.2
288.75,16.2
288.79,16.1
288.83,16
288.88,16
288.92,16
288.96,16
289,16
289.04,16
289.08,16
289.12,16
289.17,15.9
289.21,15.9
289.25,15.9
289.29,15.8
289.33,15.8
289.38,15.8
289.42,15.9
289.46,16
289.5,16
289.54,16
289.58,16.1
289.62,16.1
289.67,16
289.71,16
289.75,15.9
289.79,15.9
289.83,15.9
289.88,15.9
289.92,15.9
289.96,15.9
290,15.9
290.04,16
290.08,16
290.12,16
290.17,16
290.21,16
290.25,16
290.29,16
290.33,16.1
290.38,16.1
290.42,16.1
290.46,16.2
290.5,16.3
290.54,16.4
290.58,16.3
290.62,16.2
290.67,16.2
290.71,16.1
290.75,16.1
290.79,16.1
290.83,16.1
290.88,16.1
290.92,16.1
290.96,16.1
291,16.1
291.04,16.2
291.08,16.2
291.12,16.2
291.17,16.2
291.21,16.2
291.25,16.2
291.29,16.2
291.33,16.2
291.38,16.3
291.42,16.3
291.46,16.4
291.5,16.4
291.54,16.5
291.58,16.5
291.62,16.4
291.67,16.4
291.71,16.3
291.75,16.3
291.79,16.3
291.83,16.3
291.88,16.3
291.92,16.3
291.96,16.3
292,16.3
292.04,16.3
292.08,16.3
292.12,16.4
292.17,16.4
292.21,16.4
292.25,16.4
292.29,16.4
292.33,16.4
292.38,16.4
292.42,16.4
292.46,16.5
292.5,16.5
292.54,16.5
292.58,16.5
292.62,16.5
292.67,16.5
292.71,16.4
292.75,16.4
292.79,16.4
292.83,16.4
292.88,16.4
292.92,16.4
292.96,16.4
293,16.4
293.04,16.4
293.08,16.4
293.12,16.4
293.17,16.4
293.21,16.4
293.25,16.4
293.29,16.4
293.33,16.4
293.38,16.5
293.42,16.5
293.46,16.55
293.5,16.6
293.54,16.65
293.58,16.7
293.62,16.6
293.67,16.6
293.71,16.5
293.75,16.4
293.79,16.4
293.83,16.4
293.88,16.3
293.92,16.3
293.96,16.3
294,16.3
294.04,16.2
294.08,16.2
294.12,16.2
294.17,16.2
294.21,16.2
294.25,16.2
294.29,16.2
294.33,16.2
294.38,16.2
294.42,16.3
294.46,16.3
294.5,16.3
294.54,16.3
294.58,16.3
294.62,16.3
294.67,16.2
294.71,16.2
294.75,16.1
294.79,16.1
294.83,16.1
294.88,16.1
294.92,16.1
294.96,16.1
295,16
295.04,16
295.08,16
295.12,15.9
295.17,15.9
295.21,15.8
295.25,15.8
295.29,15.8
295.33,15.8
295.38,15.8
295.42,15.8
295.46,15.9
295.5,16
295.54,16.1
295.58,16
295.62,15.8
295.67,15.8
295.71,15.7
295.75,15.6
295.79,15.6
295.83,15.6
295.88,15.6
295.92,15.5
295.96,15.4
296,15.4
296.04,15.3
296.08,15.3
296.12,15.2
296.17,15.2
296.21,15.2
296.25,15.2
296.29,15.2
296.33,15.2
296.38,15.2
296.42,15.2
296.46,15.3
296.5,15.4
296.54,15.4
296.58,15.4
296.62,15.4
296.67,15.3
296.71,15.2
296.75,15.2
296.79,15.2
296.83,15.1
296.88,15.1
296.92,15.1
296.96,15.1
297,15
297.04,15
297.08,15
297.12,15
297.17,15
297.21,15
297.25,15
297.29,15
297.33,15
297.38,15
297.42,15
297.46,15.1
297.5,15.1
297.54,15.3
297.58,15.3
297.62,15.2
297.67,15.1
297.71,15
297.75,14.9
297.79,14.8
297.83,14.8
297.88,14.8
297.92,14.8
297.96,14.8
298,14.8
298.04,14.8
298.08,14.8
298.12,14.7
298.17,14.7
298.21,14.7
298.25,14.7
298.29,14.7
298.33,14.7
298.38,14.7
298.42,14.7
298.46,14.7
298.5,14.7
298.54,14.7
298.58,14.8
298.62,14.8
298.67,14.8
298.71,14.8
298.75,14.7
298.79,14.6
298.83,14.6
298.88,14.7
298.92,14.7
298.96,14.8
299,14.8
299.04,14.8
299.08,14.8
299.12,14.8
299.17,14.8
299.21,14.7
299.25,14.6
299.29,14.6
299.33,14.6
299.38,14.7
299.42,14.8
299.46,14.9
299.5,15
299.54,15.1
299.58,14.9
299.62,14.9
299.67,14.8
299.71,14.8
299.75,14.8
299.79,14.8
299.83,14.7
299.88,14.7
299.92,14.6
299.96,14.5
300,14.5
300.04,14.4
300.08,14.3
300.12,14.2
300.17,14.2
300.21,14.1
300.25,14
300.29,14
300.33,14
300.38,14
300.42,14
300.46,14
300.5,14.1
300.54,14.2
300.58,14.3
300.62,14.3
300.67,14.3
300.71,14.4
300.75,14.4
300.79,14.4
300.83,14.4
300.88,14.3
300.92,14.3
300.96,14.3
301,14.3
301.04,14.3
301.08,14.2
301.12,14.2
301.17,14.2
301.21,14.2
301.25,14.1
301.29,14.1
301.33,14.1
301.38,14.1
301.42,14.1
301.46,14.1
301.5,14.1
301.54,14.1
301.58,14.2
301.62,14.2
301.67,14.2
301.71,14.2
301.75,14.2
301.79,14.2
301.83,14.2
301.88,14.1
301.92,14.1
301.96,14.1
302,14.1
302.04,14.1
302.08,14.1
302.12,14.1
302.17,14.1
302.21,14.1
302.25,14.1
302.29,14.1
302.33,14.1
302.38,14.1
302.42,14.1
302.46,14.2
302.5,14.2
302.54,14.2
302.58,14.2
302.62,14.2
302.67,14.2
302.71,14.2
302.75,14.2
302.79,14.3
302.83,14.3
302.88,14.3
302.92,14.3
302.96,14.3
303,14.3
303.04,14.3
303.08,14.3
303.12,14.3
303.17,14.3
303.21,14.3
303.25,14.2
303.29,14.2
303.33,14.2
303.38,14.2
303.42,14.2
303.46,14.2
303.5,14.2
303.54,14.2
303.58,14.2
303.62,14.2
303.67,14.2
303.71,14.2
303.75,14.2
303.79,14.2
303.83,14.2
303.88,14.3
303.92,14.3
303.96,14.4
304,14.4
304.04,14.4
304.08,14.5
304.12,14.5
304.17,14.5
304.21,14.6
304.25,14.6
304.29,14.5
304.33,14.5
304.38,14.6
304.42,14.6
304.46,14.6
304.5,14.6
304.54,14.6
304.58,14.6
304.62,14.6
304.67,14.6
304.71,14.6
304.75,14.7
304.79,14.7
304.83,14.7
304.88,14.7
304.92,14.7
304.96,14.7
305,14.6
305.04,14.6
305.08,14.6
305.12,14.6
305.17,14.6
305.21,14.6
305.25,14.6
305.29,14.7
305.33,14.7
305.38,14.7
305.42,14.7
305.46,14.6
305.5,14.6
305.54,14.6
305.58,14.5
305.62,14.4
305.67,14.3
305.71,14.3
305.75,14.2
305.79,14.2
305.83,14.1
305.88,14.1
305.92,14.1
305.96,14.1
306,14.1
306.04,14.1
306.08,14.1
306.12,14
306.17,14
306.21,14
306.25,14
306.29,14
306.33,14
306.38,14
306.42,14
306.46,14
306.5,14
306.54,14
306.58,14
306.62,14
306.67,14
306.71,14
306.75,14
306.79,14
306.83,14.1
306.88,14.1
306.92,14.1
306.96,14.2
307,14.2
307.04,14.2
307.08,14.2
307.12,14.2
307.17,14.1
307.21,14.1
307.25,14.1
307.29,14.1
307.33,14
307.38,14
307.42,14
307.46,14.1
307.5,14.2
307.54,14.3
307.58,14.2
307.62,14.2
307.67,14.2
307.71,14.1
307.75,14
307.79,14
307.83,13.9
307.88,13.8
307.92,13.8
307.96,13.7
308,13.7
308.04,13.6
308.08,13.6
308.12,13.5
308.17,13.5
308.21,13.4
308.25,13.4
308.29,13.4
308.33,13.3
308.38,13.3
308.42,13.2
308.46,13.2
308.5,13.3
308.54,13.3
308.58,13.3
308.62,13.2
308.67,13.2
308.71,13.2
308.75,13.2
308.79,13.1
308.83,13.1
308.88,13.1
308.92,13
308.96,13
309,12.9
309.04,12.9
309.08,12.9
309.12,12.9
309.17,12.8
309.21,12.8
309.25,12.8
309.29,12.9
309.33,12.9
309.38,12.9
309.42,12.9
309.46,12.9
309.5,12.9
309.54,12.9
309.58,12.9
309.62,12.9
309.67,12.9
309.71,12.8
309.75,12.8
309.79,12.8
309.83,12.8
309.88,12.8
309.92,12.7
309.96,12.7
310,12.7
310.04,12.7
310.08,12.7
310.12,12.6
310.17,12.6
310.21,12.6
310.25,12.5
310.29,12.5
310.33,12.5
310.38,12.4
310.42,12.5
310.46,12.5
310.5,12.6
310.54,12.6
310.58,12.6
310.62,12.5
310.67,12.5
310.71,12.5
310.75,12.5
310.79,12.5
310.83,12.5
310.88,12.4
310.92,12.4
310.96,12.4
311,12.4
311.04,12.4
311.08,12.3
311.12,12.3
311.17,12.3
311.21,12.2
311.25,12.2
311.29,12.2
311.33,12.2
311.38,12.2
311.42,12.2
311.46,12.2
311.5,12.1
311.54,12.1
311.58,12.1
311.62,12.1
311.67,12
311.71,12
311.75,12
311.79,12
311.83,12
311.88,12
311.92,12
311.96,12.1
312,12.2
312.04,12.2
312.08,12.2
312.12,12.2
312.17,12.2
312.21,12.2
312.25,12.1
312.29,12.1
312.33,12.1
312.38,12
312.42,12
312.46,12
312.5,12
312.54,12
312.58,12
312.62,12
312.67,12
312.71,12
312.75,12
312.79,12.1
312.83,12.1
312.88,12.1
312.92,12.1
312.96,12.1
313,12
313.04,12
313.08,11.9
313.12,11.9
313.17,11.8
313.21,11.8
313.25,11.7
313.29,11.7
313.33,11.6
313.38,11.6
313.42,11.6
313.46,11.6
313.5,11.6
313.54,11.7
313.58,11.7
313.62,11.8
313.67,11.8
313.71,11.8
313.75,11.7
313.79,11.7
313.83,11.7
313.88,11.6
313.92,11.6
313.96,11.5
314,11.5
314.04,11.4
314.08,11.4
314.12,11.3
314.17,11.2
314.21,11.2
314.25,11.1
314.29,11.1
314.33,11.1
314.38,11.1
314.42,11.1
314.46,11.1
314.5,11.1
314.54,11.1
314.58,11.2
314.62,11.2
314.67,11.1
314.71,11.1
314.75,11.1
314.79,11
314.83,11
314.88,11
314.92,11
314.96,11
315,10.9
315.04,10.9
315.08,10.9
315.12,10.8
315.17,10.8
315.21,10.8
315.25,10.7
315.29,10.7
315.33,10.7
315.38,10.7
315.42,10.8
315.46,10.8
315.5,10.8
315.54,10.9
315.58,11
315.62,11
315.67,11
315.71,11
315.75,11
315.79,11
315.83,10.9
315.88,10.9
315.92,10.9
315.96,10.9
316,10.9
316.04,10.9
316.08,10.9
316.12,10.8
316.17,10.8
316.21,10.8
316.25,10.8
316.29,10.8
316.33,10.7
316.38,10.7
316.42,10.7
316.46,10.7
316.5,10.7
316.54,10.7
316.58,10.8
316.62,10.8
316.67,10.8
316.71,10.8
316.75,10.9
316.79,10.9
316.83,10.9
316.88,11
316.92,11
316.96,11
317,11
317.04,11
317.08,11
317.12,11
317.17,11
317.21,11
317.25,11
317.29,11
317.33,11
317.38,11
317.42,11
317.46,11
317.5,11
317.54,11
317.58,11
317.62,11
317.67,11
317.71,11
317.75,11
317.79,11
317.83,11
317.88,11.1
317.92,11.1
317.96,11.1
318,11.2
318.04,11.2
318.08,11.2
318.12,11.2
318.17,11.3
318.21,11.3
318.25,11.3
318.29,11.3
318.33,11.3
318.38,11.4
318.42,11.4
318.46,11.4
318.5,11.4
318.54,11.4
318.58,11.4
318.62,11.4
318.67,11.4
318.71,11.4
318.75,11.4
318.79,11.4
318.83,11.4
318.88,11.4
318.92,11.4
318.96,11.4
319,11.4
319.04,11.4
319.08,11.4
319.12,11.3
319.17,11.3
319.21,11.2
319.25,11.2
319.29,11.2
319.33,11.1
319.38,11.1
319.42,11
319.46,11
319.5,11
319.54,11.1
319.58,11.2
319.62,11.2
319.67,11.2
319.71,11.2
319.75,11.1
319.79,11
319.83,11
319.88,10.9
319.92,10.8
319.96,10.7
320,10.6
320.04,10.6
320.08,10.6
320.12,10.6
320.17,10.6
320.21,10.6
320.25,10.6
320.29,10.6
320.33,10.6
320.38,10.5
320.42,10.5
320.46,10.5
320.5,10.5
320.54,10.6
320.58,10.6
320.62,10.5
320.67,10.5
320.71,10.5
320.75,10.4
320.79,10.4
320.83,10.4
320.88,10.4
320.92,10.5
320.96,10.5
321,10.6
321.04,10.6
321.08,10.6
321.12,10.6
321.17,10.6
321.21,10.6
321.25,10.6
321.29,10.6
321.33,10.6
321.38,10.6
321.42,10.6
321.46,10.6
321.5,10.5
321.54,10.5
321.58,10.5
321.62,10.4
321.67,10.4
321.71,10.4
321.75,10.4
321.79,10.4
321.83,10.5
321.88,10.5
321.92,10.6
321.96,10.6
322,10.6
322.04,10.7
322.08,10.7
322.12,10.8
322.17,10.8
322.21,10.9
322.25,10.9
322.29,10.9
322.33,10.9
322.38,10.8
322.42,10.7
322.46,10.7
322.5,10.6
322.54,10.6
322.58,10.6
322.62,10.5
322.67,10.5
322.71,10.5
322.75,10.5
322.79,10.5
322.83,10.5
322.88,10.4
322.92,10.4
322.96,10.4
323,10.3
323.04,10.2
323.08,10.2
323.12,10.2
323.17,10.1
323.21,10.1
323.25,10
323.29,10
323.33,9.9
323.38,9.8
323.42,9.8
323.46,9.8
323.5,9.8
323.54,9.8
323.58,9.8
323.62,9.8
323.67,9.9
323.71,9.9
323.75,9.9
323.79,9.9
323.83,9.8
323.88,9.8
323.92,9.8
323.96,9.7
324,9.7
324.04,9.7
324.08,9.7
324.12,9.8
324.17,9.8
324.21,9.8
324.25,9.8
324.29,9.8
324.33,9.8
324.38,9.8
324.42,9.8
324.46,9.8
324.5,9.8
324.54,9.9
324.58,9.9
324.62,9.9
324.67,9.9
324.71,9.8
324.75,9.8
324.79,9.7
324.83,9.6
324.88,9.6
324.92,9.5
324.96,9.5
325,9.5
325.04,9.4
325.08,9.4
325.12,9.4
325.17,9.4
325.21,9.4
325.25,9.3
325.29,9.3
325.33,9.2
325.38,9.2
325.42,9.2
325.46,9.2
325.5,9.2
325.54,9.2
325.58,9.2
325.62,9.1
325.67,9.1
325.71,9.1
325.75,9.1
325.79,9
325.83,9
325.88,8.9
325.92,8.9
325.96,8.8
326,8.8
326.04,8.8
326.08,8.8
326.12,8.8
326.17,8.7
326.21,8.7
326.25,8.7
326.29,8.6
326.33,8.6
326.38,8.5
326.42,8.5
326.46,8.5
326.5,8.5
326.54,8.4
326.58,8.4
326.62,8.4
326.67,8.4
326.71,8.4
326.75,8.3
326.79,8.3
326.83,8.2
326.88,8.2
326.92,8.1
326.96,8.1
327,8
327.04,7.9
327.08,7.9
327.12,7.9
327.17,7.8
327.21,7.8
327.25,7.8
327.29,7.7
327.33,7.7
327.38,7.6
327.42,7.6
327.46,7.5
327.5,7.5
327.54,7.5
327.58,7.5
327.62,7.5
327.67,7.4
327.71,7.5
327.75,7.5
327.79,7.5
327.83,7.5
327.88,7.4
327.92,7.4
327.96,7.4
328,7.3
328.04,7.3
328.08,7.2
328.12,7.2
328.17,7.2
328.21,7.1
328.25,7.1
328.29,7.1
328.33,7.1
328.38,7.1
328.42,7
328.46,7
328.5,7
328.54,7
328.58,7
328.62,7
328.67,7.1
328.71,7.1
328.75,7.1
328.79,7.1
328.83,7.1
328.88,7.1
328.92,7
328.96,7
329,7
329.04,7
329.08,7
329.12,6.9
329.17,6.9
329.21,6.8
329.25,6.8
329.29,6.8
329.33,6.7
329.38,6.6
329.42,6.6
329.46,6.6
329.5,6.6
329.54,6.6
329.58,6.5
329.62,6.5
329.67,6.4
329.71,6.4
329.75,6.4
329.79,6.4
329.83,6.5
329.88,6.5
329.92,6.5
329.96,6.4
330,6.4
330.04,6.4
330.08,6.3
330.12,6.3
330.17,6.3
330.21,6.3
330.25,6.3
330.29,6.2
330.33,6.2
330.38,6.2
330.42,6.2
330.46,6.2
330.5,6.3
330.54,6.2
330.58,6.2
330.62,6.2
330.67,6.2
330.71,6.1
330.75,6.1
330.79,6.1
330.83,6.1
330.88,6.1
330.92,6.1
330.96,6.2
331,6.2
331.04,6.2
331.08,6.2
331.12,6.2
331.17,6.1
331.21,6.1
331.25,6
331.29,6
331.33,5.9
331.38,5.9
331.42,5.9
331.46,5.9
331.5,6
331.54,6
331.58,6
331.62,6
331.67,6
331.71,5.9
331.75,5.9
331.79,5.9
331.83,5.8
331.88,5.8
331.92,5.8
331.96,5.8
332,5.8
332.04,5.8
332.08,5.8
332.12,5.9
332.17,5.9
332.21,5.9
332.25,5.9
332.29,5.8
332.33,5.8
332.38,5.8
332.42,5.8
332.46,5.8
332.5,5.8
332.54,5.8
332.58,5.8
332.62,5.8
332.67,5.8
332.71,5.7
332.75,5.7
332.79,5.7
332.83,5.6
332.88,5.6
332.92,5.6
332.96,5.5
333,5.5
333.04,5.5
333.08,5.5
333.12,5.5
333.17,5.6
333.21,5.6
333.25,5.6
333.29,5.6
333.33,5.6
333.38,5.5
333.42,5.5
333.46,5.5
333.5,5.5
333.54,5.5
333.58,5.4
333.62,5.4
333.67,5.4
333.71,5.3
333.75,5.3
333.79,5.2
333.83,5.2
333.88,5.1
333.92,5.1
333.96,5
334,5
334.04,5
334.08,5
334.12,4.9
334.17,4.9
334.21,4.9
334.25,4.9
334.29,5
334.33,5
334.38,5
334.42,5
334.46,5
334.5,5
334.54,4.9
334.58,4.9
334.62,4.9
334.67,4.9
334.71,4.8
334.75,4.8
334.79,4.8
334.83,4.7
334.88,4.7
334.92,4.6
334.96,4.6
335,4.6
335.04,4.5
335.08,4.5
335.12,4.5
335.17,4.5
335.21,4.5
335.25,4.6
335.29,4.6
335.33,4.7
335.38,4.7
335.42,4.7
335.46,4.8
335.5,4.8
335.54,4.8
335.58,4.8
335.62,4.8
335.67,4.8
335.71,4.8
335.75,4.8
335.79,4.8
335.83,4.8
335.88,4.8
335.92,4.8
335.96,4.8
336,4.6
336.04,4.5
336.08,4.5
336.12,4.5
336.17,4.5
336.21,4.5
336.25,4.6
336.29,4.6
336.33,4.7
336.38,4.7
336.42,4.7
336.46,4.8
336.5,4.8
336.54,4.8
336.58,4.8
336.62,4.8
336.67,4.8
336.71,4.8
336.75,4.8
336.79,4.8
336.83,4.8
336.88,4.8
336.92,4.8
336.96,4.8
337,4.6
337.04,4.5
337.08,4.5
337.12,4.5
337.17,4.5
337.21,4.5
337.25,4.6
337.29,4.6
337.33,4.7
337.38,4.7
337.42,4.7
337.46,4.8
337.5,4.8
337.54,4.8
337.58,4.8
337.62,4.8
337.67,4.8
337.71,4.8
337.75,4.8
337.79,4.8
337.83,4.8
337.88,4.8
337.92,4.8
337.96,4.8
338,5.5
338.04,5.5
338.08,5.4
338.12,5.4
338.17,5.4
338.21,5.5
338.25,5.6
338.29,5.6
338.33,5.7
338.38,5.8
338.42,5.8
338.46,5.8
338.5,5.8
338.54,5.8
338.58,5.9
338.62,6
338.67,6.1
338.71,6.1
338.75,6.1
338.79,6.1
338.83,6.1
338.88,6.2
338.92,6.2
338.96,6.2
339,6.2
339.04,6.2
339.08,6.3
339.12,6.3
339.17,6.4
339.21,6.4
339.25,6.4
339.29,6.4
339.33,6.4
339.38,6.4
339.42,6.4
339.46,6.5
339.5,6.5
339.54,6.6
339.58,6.6
339.62,6.7
339.67,6.8
339.71,6.8
339.75,6.9
339.79,6.9
339.83,7
339.88,7.1
339.92,7.1
339.96,7.1
340,7.2
340.04,7.2
340.08,7.3
340.12,7.3
340.17,7.3
340.21,7.4
340.25,7.4
340.29,7.4
340.33,7.5
340.38,7.5
340.42,7.6
340.46,7.6
340.5,7.7
340.54,7.7
340.58,7.8
340.62,7.8
340.67,7.9
340.71,7.9
340.75,8
340.79,8
340.83,8
340.88,8
340.92,8
340.96,8
341,8.1
341.04,8.1
341.08,8.2
341.12,8.2
341.17,8.3
341.21,8.4
341.25,8.4
341.29,8.5
341.33,8.5
341.38,8.6
341.42,8.6
341.46,8.7
341.5,8.9
341.54,9
341.58,9.2
341.62,9.3
341.67,9.4
341.71,9.5
341.75,9.6
341.79,9.6
341.83,9.6
341.88,9.5
341.92,9.5
341.96,9.5
342,9.5
342.04,9.5
342.08,9.6
342.12,9.6
342.17,9.6
342.21,9.6
342.25,9.6
342.29,9.6
342.33,9.6
342.38,9.6
342.42,9.6
342.46,9.6
342.5,9.7
342.54,9.8
342.58,9.9
342.62,10
342.67,10.1
342.71,10.2
342.75,10.3
342.79,10.4
342.83,10.5
342.88,10.6
342.92,10.7
342.96,10.7
343,10.8
343.04,10.8
343.08,10.9
343.12,10.9
343.17,11
343.21,11
343.25,11.1
343.29,11
343.33,11
343.38,11
343.42,11
343.46,11
343.5,11
343.54,11
343.58,11
343.62,10.9
343.67,10.9
343.71,10.9
343.75,10.9
343.79,10.9
343.83,10.9
343.88,10.9
343.92,10.9
343.96,10.9
344,10.9
344.04,10.9
344.08,10.9
344.12,10.9
344.17,10.9
344.21,10.9
344.25,10.9
344.29,10.9
344.33,10.8
344.38,10.8
344.42,10.8
344.46,10.8
344.5,10.8
344.54,10.8
344.58,10.8
344.62,10.8
344.67,10.8
344.71,10.7
344.75,10.7
344.79,10.7
344.83,10.6
344.88,10.6
344.92,10.6
344.96,10.5
345,10.5
345.04,10.4
345.08,10.4
345.12,10.4
345.17,10.4
345.21,10.3
345.25,10.3
345.29,10.2
345.33,10.2
345.38,10.2
345.42,10.2
345.46,10.1
345.5,10.1
345.54,10
345.58,10
345.62,10
345.67,10
345.71,10
345.75,10
345.79,10
345.83,10
345.88,10
345.92,10
345.96,10
346,10
346.04,9.9
346.08,9.9
346.12,9.9
346.17,9.9
346.21,9.8
346.25,9.8
346.29,9.8
346.33,9.8
346.38,9.7
346.42,9.7
346.46,9.7
346.5,9.7
346.54,9.6
346.58,9.6
346.62,9.6
346.67,9.6
346.71,9.5
346.75,9.5
346.79,9.5
346.83,9.5
346.88,9.4
346.92,9.4
346.96,9.4
347,9.4
347.04,9.4
347.08,9.3
347.12,9.3
347.17,9.3
347.21,9.2
347.25,9.2
347.29,9.2
347.33,9.2
347.38,9.1
347.42,9.1
347.46,9.1
347.5,9
347.54,9
347.58,9
347.62,9
347.67,9
347.71,9
347.75,8.9
347.79,8.9
347.83,8.9
347.88,8.9
347.92,8.8
347.96,8.8
348,8.8
348.04,8.8
348.08,8.8
348.12,8.7
348.17,8.7
348.21,8.6
348.25,8.6
348.29,8.6
348.33,8.5
348.38,8.5
348.42,8.5
348.46,8.4
348.5,8.4
348.54,8.4
348.58,8.4
348.62,8.4
348.67,8.3
348.71,8.3
348.75,8.3
348.79,8.3
348.83,8.3
348.88,8.2
348.92,8.2
348.96,8.2
349,8.2
349.04,8.1
349.08,8.1
349.12,8.1
349.17,8.1
349.21,8
349.25,8
349.29,8
349.33,8
349.38,8
349.42,7.9
349.46,7.9
349.5,7.9
349.54,7.9
349.58,7.9
349.62,7.9
349.67,7.9
349.71,7.9
349.75,7.8
349.79,7.8
349.83,7.8
349.88,7.8
349.92,7.8
349.96,7.8
350,7.8
350.04,7.8
350.08,7.8
350.12,7.8
350.17,7.7
350.21,7.7
350.25,7.7
350.29,7.7
350.33,7.7
350.38,7.7
350.42,7.7
350.46,7.7
350.5,7.7
350.54,7.7
350.58,7.6
350.62,7.6
350.67,7.7
350.71,7.7
350.75,7.6
350.79,7.6
350.83,7.6
350.88,7.6
350.92,7.6
350.96,7.6
351,7.6
351.04,7.6
351.08,7.6
351.12,7.6
351.17,7.6
351.21,7.6
351.25,7.6
351.29,7.6
351.33,7.6
351.38,7.6
351.42,7.6
351.46,7.5
351.5,7.5
351.54,7.5
351.58,7.5
351.62,7.5
351.67,7.5
351.71,7.5
351.75,7.5
351.79,7.5
351.83,7.5
351.88,7.5
351.92,7.6
351.96,7.6
352,7.6
352.04,7.6
352.08,7.7
352.12,7.7
352.17,7.7
352.21,7.7
352.25,7.7
352.29,7.7
352.33,7.7
352.38,7.8
352.42,7.8
352.46,7.8
352.5,7.8
352.54,7.9
352.58,7.9
352.62,7.9
352.67,7.9
352.71,7.9
352.75,7.9
352.79,7.9
352.83,7.9
352.88,7.9
352.92,7.9
352.96,7.9
353,7.9
353.04,7.9
353.08,7.9
353.12,7.9
353.17,7.9
353.21,7.9
353.25,7.9
353.29,7.9
353.33,7.9
353.38,7.8
353.42,7.8
353.46,7.8
353.5,7.8
353.54,7.8
353.58,7.8
353.62,7.8
353.67,7.8
353.71,7.8
353.75,7.8
353.79,7.8
353.83,7.8
353.88,7.8
353.92,7.8
353.96,7.8
354,7.8
354.04,7.8
354.08,7.8
354.12,7.7
354.17,7.7
354.21,7.7
354.25,7.7
354.29,7.7
354.33,7.7
354.38,7.7
354.42,7.7
354.46,7.7
354.5,7.6
354.54,7.7
354.58,7.7
354.62,7.7
354.67,7.7
354.71,7.7
354.75,7.7
354.79,7.7
354.83,7.7
354.88,7.7
354.92,7.8
354.96,7.8
355,7.8
355.04,7.8
355.08,7.8
355.12,7.8
355.17,7.8
355.21,7.8
355.25,7.8
355.29,7.8
355.33,7.8
355.38,7.8
355.42,7.8
355.46,7.8
355.5,7.8
355.54,7.8
355.58,7.8
355.62,7.8
355.67,7.8
355.71,7.8
355.75,7.8
355.79,7.8
355.83,7.8
355.88,7.8
355.92,7.8
355.96,7.8
356,7.8
356.04,7.8
356.08,7.8
356.12,7.8
356.17,7.8
356.21,7.8
356.25,7.8
356.29,7.7
356.33,7.7
356.38,7.7
356.42,7.7
356.46,7.7
356.5,7.7
356.54,7.7
356.58,7.7
356.62,7.7
356.67,7.7
356.71,7.7
356.75,7.7
356.79,7.7
356.83,7.7
356.88,7.7
356.92,7.7
356.96,7.7
357,7.7
357.04,7.7
357.08,7.7
357.12,7.6
357.17,7.6
357.21,7.6
357.25,7.6
357.29,7.6
357.33,7.5
357.38,7.5
357.42,7.5
357.46,7.5
357.5,7.5
357.54,7.4
357.58,7.4
357.62,7.4
357.67,7.4
357.71,7.4
357.75,7.4
357.79,7.4
357.83,7.4
357.88,7.4
357.92,7.4
357.96,7.3
358,7.3
358.04,7.3
358.08,7.3
358.12,7.3
358.17,7.2
358.21,7.2
358.25,7.2
358.29,7.2
358.33,7.1
358.38,7.1
358.42,7.1
358.46,7.1
358.5,7.1
358.54,7.1
358.58,7.1
358.62,7.1
358.67,7
358.71,7
358.75,7
358.79,7
358.83,7
358.88,7
358.92,7
358.96,7
359,7
359.04,7
359.08,7
359.12,6.9
359.17,6.9
359.21,6.9
359.25,6.9
359.29,6.9
359.33,6.8
359.38,6.8
359.42,6.8
359.46,6.8
359.5,6.8
359.54,6.8
359.58,6.8
359.62,6.8
359.67,6.8
359.71,6.8
359.75,6.7
359.79,6.7
359.83,6.7
359.88,6.7
359.92,6.7
359.96,6.7
360,6.7
360.04,6.7
360.08,6.6
360.12,6.6
360.17,6.6
360.21,6.6
360.25,6.6
360.29,6.6
360.33,6.5
360.38,6.5
360.42,6.5
360.46,6.5
360.5,6.5
360.54,6.6
360.58,6.6
360.62,6.6
360.67,6.5
360.71,6.6
360.75,6.5
360.79,6.5
360.83,6.5
360.88,6.5
360.92,6.5
360.96,6.5
361,6.4
361.04,6.4
361.08,6.4
361.12,6.4
361.17,6.4
361.21,6.4
361.25,6.4
361.29,6.4
361.33,6.4
361.38,6.3
361.42,6.3
361.46,6.3
361.5,6.3
361.54,6.3
361.58,6.3
361.62,6.3
361.67,6.3
361.71,6.3
361.75,6.3
361.79,6.2
361.83,6.2
361.88,6.2
361.92,6.2
361.96,6.2
362,6.2
362.04,6.2
362.08,6.1
362.12,6.1
362.17,6.1
362.21,6.1
362.25,6
362.29,6
362.33,6
362.38,6
362.42,6
362.46,6
362.5,6
362.54,6
362.58,6
362.62,6
362.67,6
362.71,6
362.75,6
362.79,6
362.83,6
362.88,6
362.92,6
362.96,6
363,6
363.04,6
363.08,6
363.12,6
363.17,6
363.21,6
363.25,6
363.29,6
363.33,6
363.38,6
363.42,6
363.46,6
363.5,6
363.54,6
363.58,6.1
363.62,6.1
363.67,6.1
363.71,6.1
363.75,6
363.79,6
363.83,6.1
363.88,6
363.92,6
363.96,6
364,6
364.04,6
364.08,6
364.12,6
364.17,5.9
364.21,5.9
364.25,5.9
364.29,5.9
364.33,5.8
364.38,5.8
364.42,5.8
364.46,5.8
364.5,5.8
364.54,5.8
364.58,5.8
364.62,5.9
364.67,5.8
364.71,5.8
364.75,5.8
364.79,5.8
364.83,5.8
364.88,5.8
364.92,5.7
364.96,5.7
365,5.7
365.04,5.7
365.08,5.6
365.12,5.6
365.17,5.6
365.21,5.6
365.25,5.5
365.29,5.5
365.33,5.5
365.38,5.4
365.42,5.4
365.46,5.4
365.5,5.4
365.54,5.4
365.58,5.5
365.62,5.5
365.67,5.4
365.71,5.4
365.75,5.4
365.79,5.4
365.83,5.4
365.88,5.4
365.92,5.4
365.96,5.3
