# Temperature,_water.degC.Mean@12301933.20200101.csv generated at 2022-12-28 16:07:58 (UTC+00:00) by AQUARIUS Time-Series 21.4.366.0
# 
# Time-series identifier: Temperature, water.degC.Mean@12301933
# Location: Kootenai River bl Libby Dam nr Libby MT
# UTC offset: (UTC-07:00)
# Value units: degC
# Value parameter: Temperature, water
# Interpolation type: Preceding Constant
# Time-series type: Derived
# 
# Export options: Corrected signal from 2020-01-01T07:00:00Z to 2022-01-01T06:30:00Z
# 
# CSV data starts at line 15.
# 
ISO 8601 UTC,Timestamp (UTC-07:00),Value,Approval Level,Grade,Qualifiers
2020-01-01T07:00:00Z,2020-01-01 00:00:00,6.16463541666667,Approved,50,
2020-01-02T07:00:00Z,2020-01-02 00:00:00,6.15994791666667,Approved,50,
2020-01-03T07:00:00Z,2020-01-03 00:00:00,6.10661458333333,Approved,50,
2020-01-04T07:00:00Z,2020-01-04 00:00:00,6.06161458333333,Approved,50,
2020-01-05T07:00:00Z,2020-01-05 00:00:00,6.0409375,Approved,50,
2020-01-06T07:00:00Z,2020-01-06 00:00:00,5.97296875,Approved,50,
2020-01-07T07:00:00Z,2020-01-07 00:00:00,5.93302083333333,Approved,50,
2020-01-08T07:00:00Z,2020-01-08 00:00:00,5.95619791666667,Approved,50,
2020-01-09T07:00:00Z,2020-01-09 00:00:00,5.93989583333333,Approved,50,
2020-01-10T07:00:00Z,2020-01-10 00:00:00,5.84151041666667,Approved,50,
2020-01-11T07:00:00Z,2020-01-11 00:00:00,5.76005208333333,Approved,50,
2020-01-12T07:00:00Z,2020-01-12 00:00:00,5.769375,Approved,50,
2020-01-13T07:00:00Z,2020-01-13 00:00:00,5.75208333333333,Approved,50,
2020-01-14T07:00:00Z,2020-01-14 00:00:00,5.67447916666667,Approved,50,
2020-01-15T07:00:00Z,2020-01-15 00:00:00,5.52494791666667,Approved,50,
2020-01-16T07:00:00Z,2020-01-16 00:00:00,5.46416666666667,Approved,50,
2020-01-17T07:00:00Z,2020-01-17 00:00:00,5.418125,Approved,50,
2020-01-18T07:00:00Z,2020-01-18 00:00:00,5.39114583333333,Approved,50,
2020-01-19T07:00:00Z,2020-01-19 00:00:00,5.35229166666667,Approved,50,
2020-01-20T07:00:00Z,2020-01-20 00:00:00,5.36052083333333,Approved,50,
2020-01-21T07:00:00Z,2020-01-21 00:00:00,5.35296875,Approved,50,
2020-01-22T07:00:00Z,2020-01-22 00:00:00,5.33932291666667,Approved,50,
2020-01-23T07:00:00Z,2020-01-23 00:00:00,5.32807291666667,Approved,50,
2020-01-24T07:00:00Z,2020-01-24 00:00:00,5.32677083333333,Approved,50,
2020-01-25T07:00:00Z,2020-01-25 00:00:00,5.31666666666667,Approved,50,
2020-01-26T07:00:00Z,2020-01-26 00:00:00,5.30151041666667,Approved,50,
2020-01-27T07:00:00Z,2020-01-27 00:00:00,5.293125,Approved,50,
2020-01-28T07:00:00Z,2020-01-28 00:00:00,5.26375,Approved,50,
2020-01-29T07:00:00Z,2020-01-29 00:00:00,5.23838541666667,Approved,50,
2020-01-30T07:00:00Z,2020-01-30 00:00:00,5.23265625,Approved,50,
2020-01-31T07:00:00Z,2020-01-31 00:00:00,5.16817708333333,Approved,50,
2020-02-01T07:00:00Z,2020-02-01 00:00:00,5.1340625,Approved,50,
2020-02-02T07:00:00Z,2020-02-02 00:00:00,5.05729166666667,Approved,50,
2020-02-03T07:00:00Z,2020-02-03 00:00:00,4.86776041666667,Approved,50,
2020-02-04T07:00:00Z,2020-02-04 00:00:00,4.80625,Approved,50,
2020-02-05T07:00:00Z,2020-02-05 00:00:00,4.76520833333333,Approved,50,
2020-02-06T07:00:00Z,2020-02-06 00:00:00,4.7540625,Approved,50,
2020-02-07T07:00:00Z,2020-02-07 00:00:00,4.75302083333333,Approved,50,
2020-02-08T07:00:00Z,2020-02-08 00:00:00,4.7634375,Approved,50,
2020-02-09T07:00:00Z,2020-02-09 00:00:00,4.72848958333333,Approved,50,
2020-02-10T07:00:00Z,2020-02-10 00:00:00,4.66697916666667,Approved,50,
2020-02-11T07:00:00Z,2020-02-11 00:00:00,4.645625,Approved,50,
2020-02-12T07:00:00Z,2020-02-12 00:00:00,4.62,Approved,50,
2020-02-13T07:00:00Z,2020-02-13 00:00:00,4.60916666666667,Approved,50,
2020-02-14T07:00:00Z,2020-02-14 00:00:00,4.5925,Approved,50,
2020-02-15T07:00:00Z,2020-02-15 00:00:00,4.56364583333333,Approved,50,
2020-02-16T07:00:00Z,2020-02-16 00:00:00,4.55296875,Approved,50,
2020-02-17T07:00:00Z,2020-02-17 00:00:00,4.52791666666667,Approved,50,
2020-02-18T07:00:00Z,2020-02-18 00:00:00,4.51916666666667,Approved,50,
2020-02-19T07:00:00Z,2020-02-19 00:00:00,4.49973958333333,Approved,50,
2020-02-20T07:00:00Z,2020-02-20 00:00:00,4.47625,Approved,50,
2020-02-21T07:00:00Z,2020-02-21 00:00:00,4.45234375,Approved,50,
2020-02-22T07:00:00Z,2020-02-22 00:00:00,4.41776041666667,Approved,50,
2020-02-23T07:00:00Z,2020-02-23 00:00:00,4.3996875,Approved,50,
2020-02-24T07:00:00Z,2020-02-24 00:00:00,4.40526041666667,Approved,50,
2020-02-25T07:00:00Z,2020-02-25 00:00:00,4.35963541666667,Approved,50,
2020-02-26T07:00:00Z,2020-02-26 00:00:00,4.36385416666667,Approved,50,
2020-02-27T07:00:00Z,2020-02-27 00:00:00,4.36989583333333,Approved,50,
2020-02-28T07:00:00Z,2020-02-28 00:00:00,4.38302083333333,Approved,50,
2020-02-29T07:00:00Z,2020-02-29 00:00:00,4.40177083333333,Approved,50,
2020-03-01T07:00:00Z,2020-03-01 00:00:00,4.34692708333333,Approved,50,
2020-03-02T07:00:00Z,2020-03-02 00:00:00,4.28203125,Approved,50,
2020-03-03T07:00:00Z,2020-03-03 00:00:00,4.22609375,Approved,50,
2020-03-04T07:00:00Z,2020-03-04 00:00:00,4.25182291666667,Approved,50,
2020-03-05T07:00:00Z,2020-03-05 00:00:00,4.15484375,Approved,50,
2020-03-06T07:00:00Z,2020-03-06 00:00:00,4.11651041666667,Approved,50,
2020-03-07T07:00:00Z,2020-03-07 00:00:00,4.16255208333333,Approved,50,
2020-03-08T07:00:00Z,2020-03-08 00:00:00,4.16557291666667,Approved,50,
2020-03-09T07:00:00Z,2020-03-09 00:00:00,4.13578125,Approved,50,
2020-03-10T07:00:00Z,2020-03-10 00:00:00,4.07234375,Approved,50,
2020-03-11T07:00:00Z,2020-03-11 00:00:00,4.05260416666667,Approved,50,
2020-03-12T07:00:00Z,2020-03-12 00:00:00,4.12734375,Approved,50,
2020-03-13T07:00:00Z,2020-03-13 00:00:00,4.09333333333333,Approved,50,
2020-03-14T07:00:00Z,2020-03-14 00:00:00,3.98958333333333,Approved,50,
2020-03-15T07:00:00Z,2020-03-15 00:00:00,3.7790625,Approved,50,
2020-03-16T07:00:00Z,2020-03-16 00:00:00,3.82552083333333,Approved,50,
2020-03-17T07:00:00Z,2020-03-17 00:00:00,3.89369791666667,Approved,50,
2020-03-18T07:00:00Z,2020-03-18 00:00:00,3.93703125,Approved,50,
2020-03-19T07:00:00Z,2020-03-19 00:00:00,3.97802083333333,Approved,50,
2020-03-20T07:00:00Z,2020-03-20 00:00:00,4.00010416666667,Approved,50,
2020-03-21T07:00:00Z,2020-03-21 00:00:00,4.03614583333333,Approved,50,
2020-03-22T07:00:00Z,2020-03-22 00:00:00,4.07270833333333,Approved,50,
2020-03-23T07:00:00Z,2020-03-23 00:00:00,4.07666666666667,Approved,50,
2020-03-24T07:00:00Z,2020-03-24 00:00:00,4.03411458333333,Approved,50,
2020-03-25T07:00:00Z,2020-03-25 00:00:00,4.00505208333333,Approved,50,
2020-03-26T07:00:00Z,2020-03-26 00:00:00,3.95864583333333,Approved,50,
2020-03-27T07:00:00Z,2020-03-27 00:00:00,3.95963541666667,Approved,50,
2020-03-28T07:00:00Z,2020-03-28 00:00:00,3.98817708333333,Approved,50,
2020-03-29T07:00:00Z,2020-03-29 00:00:00,4.04630208333333,Approved,50,
2020-03-30T07:00:00Z,2020-03-30 00:00:00,4.05989583333333,Approved,50,
2020-03-31T07:00:00Z,2020-03-31 00:00:00,3.96104166666667,Approved,50,
2020-04-01T07:00:00Z,2020-04-01 00:00:00,3.94755208333333,Approved,50,
2020-04-02T07:00:00Z,2020-04-02 00:00:00,3.93192708333333,Approved,50,
2020-04-03T07:00:00Z,2020-04-03 00:00:00,4.01119791666667,Approved,50,
2020-04-04T07:00:00Z,2020-04-04 00:00:00,4.0459375,Approved,50,
2020-04-05T07:00:00Z,2020-04-05 00:00:00,4.1,Approved,50,
2020-04-06T07:00:00Z,2020-04-06 00:00:00,4.15890625,Approved,50,
2020-04-07T07:00:00Z,2020-04-07 00:00:00,4.19973958333333,Approved,50,
2020-04-08T07:00:00Z,2020-04-08 00:00:00,4.11635416666667,Approved,50,
2020-04-09T07:00:00Z,2020-04-09 00:00:00,4.11963541666667,Approved,50,
2020-04-10T07:00:00Z,2020-04-10 00:00:00,4.17359375,Approved,50,
2020-04-11T07:00:00Z,2020-04-11 00:00:00,4.17322916666667,Approved,50,
2020-04-12T07:00:00Z,2020-04-12 00:00:00,4.37645833333333,Approved,50,
2020-04-13T07:00:00Z,2020-04-13 00:00:00,4.50015625,Approved,50,
2020-04-14T07:00:00Z,2020-04-14 00:00:00,4.46578125,Approved,50,
2020-04-15T07:00:00Z,2020-04-15 00:00:00,4.375,Approved,50,
2020-04-16T07:00:00Z,2020-04-16 00:00:00,4.51239583333333,Approved,50,
2020-04-17T07:00:00Z,2020-04-17 00:00:00,4.81114583333333,Approved,50,
2020-04-18T07:00:00Z,2020-04-18 00:00:00,4.64,Approved,50,
2020-04-19T07:00:00Z,2020-04-19 00:00:00,4.66135416666667,Approved,50,
2020-04-20T07:00:00Z,2020-04-20 00:00:00,4.83864583333333,Approved,50,
2020-04-21T07:00:00Z,2020-04-21 00:00:00,4.56130208333333,Approved,50,
2020-04-22T07:00:00Z,2020-04-22 00:00:00,4.515625,Approved,50,
2020-04-23T07:00:00Z,2020-04-23 00:00:00,4.41390625,Approved,50,
2020-04-24T07:00:00Z,2020-04-24 00:00:00,4.25901041666667,Approved,50,
2020-04-25T07:00:00Z,2020-04-25 00:00:00,4.19104166666667,Approved,50,
2020-04-26T07:00:00Z,2020-04-26 00:00:00,4.13630208333333,Approved,50,
2020-04-27T07:00:00Z,2020-04-27 00:00:00,4.14828125,Approved,50,
2020-04-28T07:00:00Z,2020-04-28 00:00:00,4.0525,Approved,50,
2020-04-29T07:00:00Z,2020-04-29 00:00:00,3.9475,Approved,50,
2020-04-30T19:00:00Z,2020-04-30 12:00:00,,,,
2020-05-02T07:00:00Z,2020-05-02 00:00:00,3.9484375,Approved,50,
2020-05-03T07:00:00Z,2020-05-03 00:00:00,4.16010416666667,Approved,50,
2020-05-04T07:00:00Z,2020-05-04 00:00:00,4.2415625,Approved,50,
2020-05-05T07:00:00Z,2020-05-05 00:00:00,4.06697916666667,Approved,50,
2020-05-06T07:00:00Z,2020-05-06 00:00:00,4.23895833333333,Approved,50,
2020-05-07T07:00:00Z,2020-05-07 00:00:00,4.3540625,Approved,50,
2020-05-08T07:00:00Z,2020-05-08 00:00:00,4.16015625,Approved,50,
2020-05-09T07:00:00Z,2020-05-09 00:00:00,4.30020833333333,Approved,50,
2020-05-10T07:00:00Z,2020-05-10 00:00:00,5.21786458333333,Approved,50,
2020-05-11T07:00:00Z,2020-05-11 00:00:00,6.17505208333333,Approved,50,
2020-05-12T07:00:00Z,2020-05-12 00:00:00,6.95135416666667,Approved,50,
2020-05-13T07:00:00Z,2020-05-13 00:00:00,6.87635416666667,Approved,50,
2020-05-14T07:00:00Z,2020-05-14 00:00:00,6.46494791666667,Approved,50,
2020-05-15T07:00:00Z,2020-05-15 00:00:00,6.41489583333333,Approved,50,
2020-05-16T07:00:00Z,2020-05-16 00:00:00,6.32427083333333,Approved,50,
2020-05-17T07:00:00Z,2020-05-17 00:00:00,5.75697916666667,Approved,50,
2020-05-18T07:00:00Z,2020-05-18 00:00:00,6.11739583333333,Approved,50,
2020-05-19T07:00:00Z,2020-05-19 00:00:00,6.03322916666667,Approved,50,
2020-05-20T07:00:00Z,2020-05-20 00:00:00,6.0921875,Approved,50,
2020-05-21T07:00:00Z,2020-05-21 00:00:00,7.31421875,Approved,50,
2020-05-22T07:00:00Z,2020-05-22 00:00:00,6.59078125,Approved,50,
2020-05-23T07:00:00Z,2020-05-23 00:00:00,5.79432291666667,Approved,50,
2020-05-24T07:00:00Z,2020-05-24 00:00:00,6.18078125,Approved,50,
2020-05-25T07:00:00Z,2020-05-25 00:00:00,6.4065625,Approved,50,
2020-05-26T07:00:00Z,2020-05-26 00:00:00,6.03729166666667,Approved,50,
2020-05-27T07:00:00Z,2020-05-27 00:00:00,6.91166666666667,Approved,50,
2020-05-28T07:00:00Z,2020-05-28 00:00:00,7.74645833333333,Approved,50,
2020-05-29T07:00:00Z,2020-05-29 00:00:00,8.48947916666667,Approved,50,
2020-05-30T07:00:00Z,2020-05-30 00:00:00,9.31401041666667,Approved,50,
2020-05-31T07:00:00Z,2020-05-31 00:00:00,10.1596629213483,Approved,4,
2020-06-02T07:00:00Z,2020-06-02 00:00:00,,,,
2020-06-04T07:00:00Z,2020-06-04 00:00:00,8.11203125,Approved,50,
2020-06-05T07:00:00Z,2020-06-05 00:00:00,8.40291666666667,Approved,50,
2020-06-06T07:00:00Z,2020-06-06 00:00:00,10.2580729166667,Approved,50,
2020-06-07T07:00:00Z,2020-06-07 00:00:00,10.5511458333333,Approved,50,
2020-06-08T07:00:00Z,2020-06-08 00:00:00,9.70458333333333,Approved,50,
2020-06-09T07:00:00Z,2020-06-09 00:00:00,9.16557291666667,Approved,50,
2020-06-10T07:00:00Z,2020-06-10 00:00:00,9.41234375,Approved,50,
2020-06-11T07:00:00Z,2020-06-11 00:00:00,9.263125,Approved,50,
2020-06-12T07:00:00Z,2020-06-12 00:00:00,9.54369791666667,Approved,50,
2020-06-13T07:00:00Z,2020-06-13 00:00:00,9.94682291666667,Approved,50,
2020-06-14T07:00:00Z,2020-06-14 00:00:00,10.4198958333333,Approved,50,
2020-06-15T07:00:00Z,2020-06-15 00:00:00,9.356875,Approved,50,
2020-06-16T07:00:00Z,2020-06-16 00:00:00,8.87041666666667,Approved,50,
2020-06-17T07:00:00Z,2020-06-17 00:00:00,9.12151041666667,Approved,50,
2020-06-18T07:00:00Z,2020-06-18 00:00:00,9.38791666666667,Approved,50,
2020-06-19T07:00:00Z,2020-06-19 00:00:00,9.8671875,Approved,50,
2020-06-20T07:00:00Z,2020-06-20 00:00:00,10.6236979166667,Approved,50,
2020-06-21T07:00:00Z,2020-06-21 00:00:00,10.6681770833333,Approved,50,
2020-06-22T07:00:00Z,2020-06-22 00:00:00,10.2255208333333,Approved,50,
2020-06-23T07:00:00Z,2020-06-23 00:00:00,10.1938020833333,Approved,50,
2020-06-24T07:00:00Z,2020-06-24 00:00:00,10.1447395833333,Approved,50,
2020-06-25T07:00:00Z,2020-06-25 00:00:00,10.346875,Approved,50,
2020-06-26T07:00:00Z,2020-06-26 00:00:00,10.84078125,Approved,50,
2020-06-27T07:00:00Z,2020-06-27 00:00:00,10.9188541666667,Approved,50,
2020-06-28T07:00:00Z,2020-06-28 00:00:00,10.9075,Approved,50,
2020-06-29T07:00:00Z,2020-06-29 00:00:00,11.7615625,Approved,50,
2020-06-30T07:00:00Z,2020-06-30 00:00:00,12.7530208333333,Approved,50,
2020-07-01T07:00:00Z,2020-07-01 00:00:00,12.1657291666667,Approved,50,
2020-07-02T07:00:00Z,2020-07-02 00:00:00,11.6761458333333,Approved,50,
2020-07-03T07:00:00Z,2020-07-03 00:00:00,10.7084895833333,Approved,50,
2020-07-04T07:00:00Z,2020-07-04 00:00:00,10.95734375,Approved,50,
2020-07-05T07:00:00Z,2020-07-05 00:00:00,11.1558333333333,Approved,50,
2020-07-06T07:00:00Z,2020-07-06 00:00:00,11.5472916666667,Approved,50,
2020-07-07T07:00:00Z,2020-07-07 00:00:00,12.0983333333333,Approved,50,
2020-07-08T07:00:00Z,2020-07-08 00:00:00,11.84125,Approved,50,
2020-07-09T07:00:00Z,2020-07-09 00:00:00,11.6244791666667,Approved,50,
2020-07-10T07:00:00Z,2020-07-10 00:00:00,11.7,Approved,50,
2020-07-11T07:00:00Z,2020-07-11 00:00:00,11.62125,Approved,50,
2020-07-12T07:00:00Z,2020-07-12 00:00:00,11.543125,Approved,50,
2020-07-13T07:00:00Z,2020-07-13 00:00:00,11.2897916666667,Approved,50,
2020-07-14T07:00:00Z,2020-07-14 00:00:00,11.56078125,Approved,50,
2020-07-15T07:00:00Z,2020-07-15 00:00:00,11.95125,Approved,50,
2020-07-16T07:00:00Z,2020-07-16 00:00:00,11.9804166666667,Approved,50,
2020-07-17T07:00:00Z,2020-07-17 00:00:00,12.2572395833333,Approved,50,
2020-07-18T07:00:00Z,2020-07-18 00:00:00,12.4333333333333,Approved,50,
2020-07-19T07:00:00Z,2020-07-19 00:00:00,12.905,Approved,50,
2020-07-20T07:00:00Z,2020-07-20 00:00:00,13.1730208333333,Approved,50,
2020-07-21T07:00:00Z,2020-07-21 00:00:00,13.65609375,Approved,50,
2020-07-22T07:00:00Z,2020-07-22 00:00:00,14.1840625,Approved,50,
2020-07-23T07:00:00Z,2020-07-23 00:00:00,13.6091666666667,Approved,50,
2020-07-24T07:00:00Z,2020-07-24 00:00:00,13.1285416666667,Approved,50,
2020-07-25T07:00:00Z,2020-07-25 00:00:00,12.6892708333333,Approved,50,
2020-07-26T07:00:00Z,2020-07-26 00:00:00,12.6598958333333,Approved,50,
2020-07-27T07:00:00Z,2020-07-27 00:00:00,13.0533854166667,Approved,50,
2020-07-28T07:00:00Z,2020-07-28 00:00:00,14.6393229166667,Approved,50,
2020-07-29T07:00:00Z,2020-07-29 00:00:00,15.0553125,Approved,50,
2020-07-30T07:00:00Z,2020-07-30 00:00:00,14.39078125,Approved,50,
2020-07-31T07:00:00Z,2020-07-31 00:00:00,14.2658854166667,Approved,50,
2020-08-01T07:00:00Z,2020-08-01 00:00:00,14.7104166666667,Approved,50,
2020-08-02T07:00:00Z,2020-08-02 00:00:00,15.5292708333333,Approved,50,
2020-08-03T07:00:00Z,2020-08-03 00:00:00,15.1907291666667,Approved,50,
2020-08-04T07:00:00Z,2020-08-04 00:00:00,15.0230729166667,Approved,50,
2020-08-05T07:00:00Z,2020-08-05 00:00:00,14.42015625,Approved,50,
2020-08-06T07:00:00Z,2020-08-06 00:00:00,14.61859375,Approved,50,
2020-08-07T07:00:00Z,2020-08-07 00:00:00,14.7954166666667,Approved,50,
2020-08-08T07:00:00Z,2020-08-08 00:00:00,14.3971875,Approved,50,
2020-08-09T07:00:00Z,2020-08-09 00:00:00,13.8566145833333,Approved,50,
2020-08-10T07:00:00Z,2020-08-10 00:00:00,13.7133854166667,Approved,50,
2020-08-11T07:00:00Z,2020-08-11 00:00:00,13.9047395833333,Approved,50,
2020-08-12T07:00:00Z,2020-08-12 00:00:00,14.0111979166667,Approved,50,
2020-08-13T07:00:00Z,2020-08-13 00:00:00,13.73515625,Approved,50,
2020-08-14T07:00:00Z,2020-08-14 00:00:00,13.5128125,Approved,50,
2020-08-15T07:00:00Z,2020-08-15 00:00:00,13.4805208333333,Approved,50,
2020-08-16T07:00:00Z,2020-08-16 00:00:00,13.44734375,Approved,50,
2020-08-17T07:00:00Z,2020-08-17 00:00:00,14.2596875,Approved,50,
2020-08-18T07:00:00Z,2020-08-18 00:00:00,14.9877083333333,Approved,50,
2020-08-19T07:00:00Z,2020-08-19 00:00:00,15.6217708333333,Approved,50,
2020-08-20T07:00:00Z,2020-08-20 00:00:00,15.6038541666667,Approved,50,
2020-08-21T07:00:00Z,2020-08-21 00:00:00,15.3569270833333,Approved,50,
2020-08-22T07:00:00Z,2020-08-22 00:00:00,14.7849479166667,Approved,50,
2020-08-23T07:00:00Z,2020-08-23 00:00:00,14.7497916666667,Approved,50,
2020-08-24T07:00:00Z,2020-08-24 00:00:00,14.89421875,Approved,50,
2020-08-25T07:00:00Z,2020-08-25 00:00:00,15.1703125,Approved,50,
2020-08-26T07:00:00Z,2020-08-26 00:00:00,15.4766145833333,Approved,50,
2020-08-27T07:00:00Z,2020-08-27 00:00:00,15.3921875,Approved,50,
2020-08-28T07:00:00Z,2020-08-28 00:00:00,15.41109375,Approved,50,
2020-08-29T07:00:00Z,2020-08-29 00:00:00,15.6066666666667,Approved,50,
2020-08-30T07:00:00Z,2020-08-30 00:00:00,15.22546875,Approved,50,
2020-08-31T07:00:00Z,2020-08-31 00:00:00,15.00234375,Approved,50,
2020-09-01T07:00:00Z,2020-09-01 00:00:00,14.8272916666667,Approved,50,
2020-09-02T07:00:00Z,2020-09-02 00:00:00,15.0915104166667,Approved,50,
2020-09-03T07:00:00Z,2020-09-03 00:00:00,14.5513541666667,Approved,50,
2020-09-04T07:00:00Z,2020-09-04 00:00:00,14.63125,Approved,50,
2020-09-05T07:00:00Z,2020-09-05 00:00:00,15.41234375,Approved,50,
2020-09-06T07:00:00Z,2020-09-06 00:00:00,15.9186458333333,Approved,50,
2020-09-07T07:00:00Z,2020-09-07 00:00:00,15.6876041666667,Approved,50,
2020-09-08T07:00:00Z,2020-09-08 00:00:00,16.5019791666667,Approved,50,
2020-09-09T07:00:00Z,2020-09-09 00:00:00,16.4683854166667,Approved,50,
2020-09-10T07:00:00Z,2020-09-10 00:00:00,16.23828125,Approved,50,
2020-09-11T07:00:00Z,2020-09-11 00:00:00,15.9997916666667,Approved,50,
2020-09-12T07:00:00Z,2020-09-12 00:00:00,15.6673958333333,Approved,50,
2020-09-13T07:00:00Z,2020-09-13 00:00:00,15.5122395833333,Approved,50,
2020-09-14T07:00:00Z,2020-09-14 00:00:00,15.07265625,Approved,50,
2020-09-15T07:00:00Z,2020-09-15 00:00:00,14.549375,Approved,50,
2020-09-16T07:00:00Z,2020-09-16 00:00:00,14.6422916666667,Approved,50,
2020-09-17T07:00:00Z,2020-09-17 00:00:00,14.6308854166667,Approved,50,
2020-09-18T07:00:00Z,2020-09-18 00:00:00,14.9080729166667,Approved,50,
2020-09-19T07:00:00Z,2020-09-19 00:00:00,15.2810416666667,Approved,50,
2020-09-20T07:00:00Z,2020-09-20 00:00:00,15.25921875,Approved,50,
2020-09-21T07:00:00Z,2020-09-21 00:00:00,14.9002604166667,Approved,50,
2020-09-22T07:00:00Z,2020-09-22 00:00:00,14.340625,Approved,50,
2020-09-23T07:00:00Z,2020-09-23 00:00:00,14.2542708333333,Approved,50,
2020-09-24T07:00:00Z,2020-09-24 00:00:00,14.4107291666667,Approved,50,
2020-09-25T07:00:00Z,2020-09-25 00:00:00,14.4034375,Approved,50,
2020-09-26T07:00:00Z,2020-09-26 00:00:00,14.22984375,Approved,50,
2020-09-27T07:00:00Z,2020-09-27 00:00:00,13.42171875,Approved,50,
2020-09-28T07:00:00Z,2020-09-28 00:00:00,13.4628125,Approved,50,
2020-09-29T07:00:00Z,2020-09-29 00:00:00,13.5088541666667,Approved,50,
2020-09-30T07:00:00Z,2020-09-30 00:00:00,13.8283854166667,Approved,50,
2020-10-01T07:00:00Z,2020-10-01 00:00:00,14.0073958333333,Approved,50,
2020-10-02T07:00:00Z,2020-10-02 00:00:00,13.9963541666667,Approved,50,
2020-10-03T07:00:00Z,2020-10-03 00:00:00,14.2786979166667,Approved,50,
2020-10-04T07:00:00Z,2020-10-04 00:00:00,14.3895833333333,Approved,50,
2020-10-05T07:00:00Z,2020-10-05 00:00:00,14.3205729166667,Approved,50,
2020-10-06T07:00:00Z,2020-10-06 00:00:00,14.09125,Approved,50,
2020-10-07T07:00:00Z,2020-10-07 00:00:00,13.7803645833333,Approved,50,
2020-10-08T07:00:00Z,2020-10-08 00:00:00,13.3765625,Approved,50,
2020-10-09T07:00:00Z,2020-10-09 00:00:00,13.3103645833333,Approved,50,
2020-10-10T07:00:00Z,2020-10-10 00:00:00,13.3694791666667,Approved,50,
2020-10-11T07:00:00Z,2020-10-11 00:00:00,13.1117708333333,Approved,50,
2020-10-12T07:00:00Z,2020-10-12 00:00:00,12.97328125,Approved,50,
2020-10-13T07:00:00Z,2020-10-13 00:00:00,12.5484895833333,Approved,50,
2020-10-14T07:00:00Z,2020-10-14 00:00:00,12.2953125,Approved,50,
2020-10-15T07:00:00Z,2020-10-15 00:00:00,12.258125,Approved,50,
2020-10-16T07:00:00Z,2020-10-16 00:00:00,11.9747395833333,Approved,50,
2020-10-17T07:00:00Z,2020-10-17 00:00:00,11.9644791666667,Approved,50,
2020-10-18T07:00:00Z,2020-10-18 00:00:00,12.1128645833333,Approved,50,
2020-10-19T07:00:00Z,2020-10-19 00:00:00,12.3205729166667,Approved,50,
2020-10-20T07:00:00Z,2020-10-20 00:00:00,12.1066145833333,Approved,50,
2020-10-21T07:00:00Z,2020-10-21 00:00:00,12.1091666666667,Approved,50,
2020-10-22T07:00:00Z,2020-10-22 00:00:00,11.9918229166667,Approved,50,
2020-10-23T07:00:00Z,2020-10-23 00:00:00,11.8902604166667,Approved,50,
2020-10-24T07:00:00Z,2020-10-24 00:00:00,11.5285416666667,Approved,50,
2020-10-25T07:00:00Z,2020-10-25 00:00:00,11.44375,Approved,50,
2020-10-26T07:00:00Z,2020-10-26 00:00:00,11.1540104166667,Approved,50,
2020-10-27T07:00:00Z,2020-10-27 00:00:00,10.75671875,Approved,50,
2020-10-28T07:00:00Z,2020-10-28 00:00:00,10.3190104166667,Approved,50,
2020-10-29T07:00:00Z,2020-10-29 00:00:00,10.2227604166667,Approved,50,
2020-10-30T07:00:00Z,2020-10-30 00:00:00,10.1080729166667,Approved,50,
2020-10-31T07:00:00Z,2020-10-31 00:00:00,9.81630208333333,Approved,50,
2020-11-01T07:00:00Z,2020-11-01 00:00:00,9.758125,Approved,50,
2020-11-02T07:00:00Z,2020-11-02 00:00:00,9.76010416666667,Approved,50,
2020-11-03T07:00:00Z,2020-11-03 00:00:00,9.68713541666667,Approved,50,
2020-11-04T07:00:00Z,2020-11-04 00:00:00,9.41171875,Approved,50,
2020-11-05T07:00:00Z,2020-11-05 00:00:00,9.37286458333333,Approved,50,
2020-11-06T07:00:00Z,2020-11-06 00:00:00,8.30786458333333,Approved,50,
2020-11-07T07:00:00Z,2020-11-07 00:00:00,7.84578125,Approved,50,
2020-11-08T07:00:00Z,2020-11-08 00:00:00,8.14171875,Approved,50,
2020-11-09T07:00:00Z,2020-11-09 00:00:00,8.69588541666667,Approved,50,
2020-11-10T07:00:00Z,2020-11-10 00:00:00,9.13057291666667,Approved,50,
2020-11-11T07:00:00Z,2020-11-11 00:00:00,8.82927083333333,Approved,50,
2020-11-12T07:00:00Z,2020-11-12 00:00:00,8.79244791666667,Approved,50,
2020-11-13T07:00:00Z,2020-11-13 00:00:00,8.76317708333333,Approved,50,
2020-11-14T07:00:00Z,2020-11-14 00:00:00,8.83265625,Approved,50,
2020-11-15T07:00:00Z,2020-11-15 00:00:00,8.39223958333333,Approved,50,
2020-11-16T07:00:00Z,2020-11-16 00:00:00,8.5359375,Approved,50,
2020-11-17T07:00:00Z,2020-11-17 00:00:00,8.78390625,Approved,50,
2020-11-18T07:00:00Z,2020-11-18 00:00:00,8.75875,Approved,50,
2020-11-19T07:00:00Z,2020-11-19 00:00:00,8.81151041666667,Approved,50,
2020-11-20T07:00:00Z,2020-11-20 00:00:00,8.70104166666667,Approved,50,
2020-11-21T07:00:00Z,2020-11-21 00:00:00,8.66541666666667,Approved,50,
2020-11-22T07:00:00Z,2020-11-22 00:00:00,8.56875,Approved,50,
2020-11-23T07:00:00Z,2020-11-23 00:00:00,8.48177083333333,Approved,50,
2020-11-24T07:00:00Z,2020-11-24 00:00:00,8.525,Approved,50,
2020-11-25T07:00:00Z,2020-11-25 00:00:00,8.5609375,Approved,50,
2020-11-26T07:00:00Z,2020-11-26 00:00:00,8.52416666666667,Approved,50,
2020-11-27T07:00:00Z,2020-11-27 00:00:00,8.4121875,Approved,50,
2020-11-28T07:00:00Z,2020-11-28 00:00:00,8.40994791666667,Approved,50,
2020-11-29T07:00:00Z,2020-11-29 00:00:00,8.43375,Approved,50,
2020-11-30T07:00:00Z,2020-11-30 00:00:00,8.425625,Approved,50,
2020-12-01T07:00:00Z,2020-12-01 00:00:00,8.29067708333333,Approved,50,
2020-12-02T07:00:00Z,2020-12-02 00:00:00,8.17947916666667,Approved,50,
2020-12-03T07:00:00Z,2020-12-03 00:00:00,8.08802083333333,Approved,50,
2020-12-04T07:00:00Z,2020-12-04 00:00:00,8.06015625,Approved,50,
2020-12-05T07:00:00Z,2020-12-05 00:00:00,8.01291666666667,Approved,50,
2020-12-06T07:00:00Z,2020-12-06 00:00:00,7.95484375,Approved,50,
2020-12-07T07:00:00Z,2020-12-07 00:00:00,7.8246875,Approved,50,
2020-12-08T07:00:00Z,2020-12-08 00:00:00,7.75895833333333,Approved,50,
2020-12-09T07:00:00Z,2020-12-09 00:00:00,7.72604166666667,Approved,50,
2020-12-10T07:00:00Z,2020-12-10 00:00:00,7.69432291666667,Approved,50,
2020-12-11T07:00:00Z,2020-12-11 00:00:00,7.65385416666667,Approved,50,
2020-12-12T07:00:00Z,2020-12-12 00:00:00,7.63302083333333,Approved,50,
2020-12-13T07:00:00Z,2020-12-13 00:00:00,7.61390625,Approved,50,
2020-12-14T07:00:00Z,2020-12-14 00:00:00,7.54609375,Approved,50,
2020-12-15T07:00:00Z,2020-12-15 00:00:00,7.45984375,Approved,50,
2020-12-16T07:00:00Z,2020-12-16 00:00:00,7.42802083333333,Approved,50,
2020-12-17T07:00:00Z,2020-12-17 00:00:00,7.41526041666667,Approved,50,
2020-12-18T07:00:00Z,2020-12-18 00:00:00,7.40041666666667,Approved,50,
2020-12-19T07:00:00Z,2020-12-19 00:00:00,7.36442708333333,Approved,50,
2020-12-20T07:00:00Z,2020-12-20 00:00:00,7.364375,Approved,50,
2020-12-21T07:00:00Z,2020-12-21 00:00:00,7.3159375,Approved,50,
2020-12-22T07:00:00Z,2020-12-22 00:00:00,7.24072916666667,Approved,50,
2020-12-23T07:00:00Z,2020-12-23 00:00:00,7.15239583333333,Approved,50,
2020-12-24T07:00:00Z,2020-12-24 00:00:00,7.02098958333333,Approved,50,
2020-12-25T07:00:00Z,2020-12-25 00:00:00,6.9215625,Approved,50,
2020-12-26T07:00:00Z,2020-12-26 00:00:00,6.823125,Approved,50,
2020-12-27T07:00:00Z,2020-12-27 00:00:00,6.794375,Approved,4,
2020-12-28T07:00:00Z,2020-12-28 00:00:00,6.74223958333333,Approved,50,
2020-12-29T07:00:00Z,2020-12-29 00:00:00,6.66572916666667,Approved,50,
2020-12-30T07:00:00Z,2020-12-30 00:00:00,6.60854166666667,Approved,50,
2020-12-31T07:00:00Z,2020-12-31 00:00:00,6.55875,Approved,50,
2021-01-01T07:00:00Z,2021-01-01 00:00:00,6.530625,Approved,50,
2021-01-02T07:00:00Z,2021-01-02 00:00:00,6.465625,Approved,50,
2021-01-03T07:00:00Z,2021-01-03 00:00:00,6.44208333333333,Approved,50,
2021-01-04T07:00:00Z,2021-01-04 00:00:00,6.39479166666667,Approved,50,
2021-01-05T07:00:00Z,2021-01-05 00:00:00,6.338125,Approved,50,
2021-01-06T07:00:00Z,2021-01-06 00:00:00,6.31125,Approved,50,
2021-01-07T07:00:00Z,2021-01-07 00:00:00,6.28234375,Approved,50,
2021-01-08T07:00:00Z,2021-01-08 00:00:00,6.25276041666667,Approved,50,
2021-01-09T07:00:00Z,2021-01-09 00:00:00,6.21041666666667,Approved,50,
2021-01-10T07:00:00Z,2021-01-10 00:00:00,6.19234375,Approved,50,
2021-01-11T07:00:00Z,2021-01-11 00:00:00,6.178125,Approved,50,
2021-01-12T07:00:00Z,2021-01-12 00:00:00,6.15088541666667,Approved,50,
2021-01-13T07:00:00Z,2021-01-13 00:00:00,6.12052083333333,Approved,50,
2021-01-14T07:00:00Z,2021-01-14 00:00:00,6.051875,Approved,50,
2021-01-15T07:00:00Z,2021-01-15 00:00:00,5.92083333333333,Approved,50,
2021-01-16T07:00:00Z,2021-01-16 00:00:00,5.83963541666667,Approved,50,
2021-01-17T07:00:00Z,2021-01-17 00:00:00,5.81885416666667,Approved,50,
2021-01-18T07:00:00Z,2021-01-18 00:00:00,5.80651041666667,Approved,50,
2021-01-19T07:00:00Z,2021-01-19 00:00:00,5.76067708333333,Approved,50,
2021-01-20T07:00:00Z,2021-01-20 00:00:00,5.71375,Approved,50,
2021-01-21T07:00:00Z,2021-01-21 00:00:00,5.65703125,Approved,50,
2021-01-22T07:00:00Z,2021-01-22 00:00:00,5.60395833333333,Approved,50,
2021-01-23T07:00:00Z,2021-01-23 00:00:00,5.50494791666667,Approved,50,
2021-01-24T07:00:00Z,2021-01-24 00:00:00,5.45557291666667,Approved,50,
2021-01-25T07:00:00Z,2021-01-25 00:00:00,5.40359375,Approved,50,
2021-01-26T07:00:00Z,2021-01-26 00:00:00,5.37755208333333,Approved,50,
2021-01-27T07:00:00Z,2021-01-27 00:00:00,5.32869791666667,Approved,50,
2021-01-28T07:00:00Z,2021-01-28 00:00:00,5.29359375,Approved,50,
2021-01-29T07:00:00Z,2021-01-29 00:00:00,5.276875,Approved,50,
2021-01-30T07:00:00Z,2021-01-30 00:00:00,5.26911458333333,Approved,50,
2021-01-31T07:00:00Z,2021-01-31 00:00:00,5.23947916666667,Approved,50,
2021-02-01T07:00:00Z,2021-02-01 00:00:00,5.21401041666667,Approved,50,
2021-02-02T07:00:00Z,2021-02-02 00:00:00,5.21583333333333,Approved,50,
2021-02-03T07:00:00Z,2021-02-03 00:00:00,5.20520833333333,Approved,50,
2021-02-04T07:00:00Z,2021-02-04 00:00:00,5.16463541666667,Approved,50,
2021-02-05T07:00:00Z,2021-02-05 00:00:00,5.14197916666667,Approved,50,
2021-02-06T07:00:00Z,2021-02-06 00:00:00,5.14317708333333,Approved,50,
2021-02-07T07:00:00Z,2021-02-07 00:00:00,5.11083333333333,Approved,50,
2021-02-08T07:00:00Z,2021-02-08 00:00:00,4.99739583333333,Approved,50,
2021-02-09T07:00:00Z,2021-02-09 00:00:00,4.92833333333333,Approved,50,
2021-02-10T07:00:00Z,2021-02-10 00:00:00,4.80177083333333,Approved,50,
2021-02-11T07:00:00Z,2021-02-11 00:00:00,4.71614583333333,Approved,50,
2021-02-12T07:00:00Z,2021-02-12 00:00:00,4.56557291666667,Approved,50,
2021-02-13T07:00:00Z,2021-02-13 00:00:00,4.5334375,Approved,50,
2021-02-14T07:00:00Z,2021-02-14 00:00:00,4.46390625,Approved,50,
2021-02-15T07:00:00Z,2021-02-15 00:00:00,4.42307291666667,Approved,50,
2021-02-16T07:00:00Z,2021-02-16 00:00:00,4.37869791666667,Approved,50,
2021-02-17T07:00:00Z,2021-02-17 00:00:00,4.35510416666667,Approved,50,
2021-02-18T07:00:00Z,2021-02-18 00:00:00,4.3334375,Approved,50,
2021-02-19T07:00:00Z,2021-02-19 00:00:00,4.29416666666667,Approved,50,
2021-02-20T07:00:00Z,2021-02-20 00:00:00,4.28697916666667,Approved,50,
2021-02-21T07:00:00Z,2021-02-21 00:00:00,4.24067708333333,Approved,50,
2021-02-22T07:00:00Z,2021-02-22 00:00:00,4.22354166666667,Approved,50,
2021-02-23T07:00:00Z,2021-02-23 00:00:00,4.22729166666667,Approved,50,
2021-02-24T07:00:00Z,2021-02-24 00:00:00,4.17182291666667,Approved,50,
2021-02-25T07:00:00Z,2021-02-25 00:00:00,4.15838541666667,Approved,50,
2021-02-26T07:00:00Z,2021-02-26 00:00:00,4.129375,Approved,50,
2021-02-27T07:00:00Z,2021-02-27 00:00:00,4.13494791666667,Approved,50,
2021-02-28T07:00:00Z,2021-02-28 00:00:00,4.10213541666667,Approved,50,
2021-03-01T07:00:00Z,2021-03-01 00:00:00,4.06375,Approved,50,
2021-03-02T07:00:00Z,2021-03-02 00:00:00,4.12932291666667,Approved,50,
2021-03-03T07:00:00Z,2021-03-03 00:00:00,4.08432291666667,Approved,50,
2021-03-04T07:00:00Z,2021-03-04 00:00:00,4.09119791666667,Approved,50,
2021-03-05T07:00:00Z,2021-03-05 00:00:00,4.16354166666667,Approved,50,
2021-03-06T07:00:00Z,2021-03-06 00:00:00,4.18494791666667,Approved,50,
2021-03-07T07:00:00Z,2021-03-07 00:00:00,4.14651041666667,Approved,50,
2021-03-08T07:00:00Z,2021-03-08 00:00:00,4.12083333333333,Approved,50,
2021-03-09T07:00:00Z,2021-03-09 00:00:00,4.10484375,Approved,50,
2021-03-10T07:00:00Z,2021-03-10 00:00:00,4.08979166666667,Approved,50,
2021-03-11T07:00:00Z,2021-03-11 00:00:00,4.0990625,Approved,50,
2021-03-12T07:00:00Z,2021-03-12 00:00:00,4.04963541666667,Approved,50,
2021-03-13T07:00:00Z,2021-03-13 00:00:00,4.02203125,Approved,50,
2021-03-14T07:00:00Z,2021-03-14 00:00:00,4.07859375,Approved,50,
2021-03-15T07:00:00Z,2021-03-15 00:00:00,4.17078125,Approved,50,
2021-03-16T07:00:00Z,2021-03-16 00:00:00,4.17635416666667,Approved,50,
2021-03-17T07:00:00Z,2021-03-17 00:00:00,4.2340625,Approved,50,
2021-03-18T07:00:00Z,2021-03-18 00:00:00,4.19541666666667,Approved,50,
2021-03-19T07:00:00Z,2021-03-19 00:00:00,4.31958333333333,Approved,50,
2021-03-20T07:00:00Z,2021-03-20 00:00:00,4.21255208333333,Approved,50,
2021-03-21T07:00:00Z,2021-03-21 00:00:00,4.07421875,Approved,50,
2021-03-22T07:00:00Z,2021-03-22 00:00:00,4.0203125,Approved,50,
2021-03-23T07:00:00Z,2021-03-23 00:00:00,4.00401041666667,Approved,50,
2021-03-24T07:00:00Z,2021-03-24 00:00:00,4.06354166666667,Approved,50,
2021-03-25T07:00:00Z,2021-03-25 00:00:00,3.95505208333333,Approved,50,
2021-03-26T07:00:00Z,2021-03-26 00:00:00,3.90447916666667,Approved,50,
2021-03-27T07:00:00Z,2021-03-27 00:00:00,3.8509375,Approved,50,
2021-03-28T07:00:00Z,2021-03-28 00:00:00,3.74682291666667,Approved,50,
2021-03-29T07:00:00Z,2021-03-29 00:00:00,3.59817708333333,Approved,50,
2021-03-30T07:00:00Z,2021-03-30 00:00:00,2.98864583333333,Approved,50,
2021-03-31T07:00:00Z,2021-03-31 00:00:00,3.02708333333333,Approved,50,
2021-04-01T07:00:00Z,2021-04-01 00:00:00,3.32796875,Approved,50,
2021-04-02T07:00:00Z,2021-04-02 00:00:00,3.45505208333333,Approved,50,
2021-04-03T07:00:00Z,2021-04-03 00:00:00,3.62890625,Approved,50,
2021-04-04T07:00:00Z,2021-04-04 00:00:00,3.49557291666667,Approved,50,
2021-04-05T07:00:00Z,2021-04-05 00:00:00,3.515,Approved,50,
2021-04-06T07:00:00Z,2021-04-06 00:00:00,3.698125,Approved,50,
2021-04-07T07:00:00Z,2021-04-07 00:00:00,3.79578125,Approved,50,
2021-04-08T07:00:00Z,2021-04-08 00:00:00,3.763125,Approved,50,
2021-04-09T07:00:00Z,2021-04-09 00:00:00,3.35484375,Approved,50,
2021-04-10T07:00:00Z,2021-04-10 00:00:00,3.3428125,Approved,50,
2021-04-11T07:00:00Z,2021-04-11 00:00:00,3.13817708333333,Approved,50,
2021-04-12T07:00:00Z,2021-04-12 00:00:00,3.29651041666667,Approved,50,
2021-04-13T07:00:00Z,2021-04-13 00:00:00,3.42239583333333,Approved,50,
2021-04-14T07:00:00Z,2021-04-14 00:00:00,3.66479166666667,Approved,50,
2021-04-15T07:00:00Z,2021-04-15 00:00:00,3.91859375,Approved,50,
2021-04-16T07:00:00Z,2021-04-16 00:00:00,4.25223958333333,Approved,50,
2021-04-17T07:00:00Z,2021-04-17 00:00:00,4.48401041666667,Approved,50,
2021-04-18T07:00:00Z,2021-04-18 00:00:00,4.51057291666667,Approved,50,
2021-04-19T07:00:00Z,2021-04-19 00:00:00,4.54661458333333,Approved,50,
2021-04-20T07:00:00Z,2021-04-20 00:00:00,4.93583333333333,Approved,50,
2021-04-21T07:00:00Z,2021-04-21 00:00:00,4.76541666666667,Approved,50,
2021-04-22T07:00:00Z,2021-04-22 00:00:00,4.71151041666667,Approved,50,
2021-04-23T07:00:00Z,2021-04-23 00:00:00,4.50489583333333,Approved,50,
2021-04-24T07:00:00Z,2021-04-24 00:00:00,4.4384375,Approved,50,
2021-04-25T07:00:00Z,2021-04-25 00:00:00,4.63192708333333,Approved,50,
2021-04-26T07:00:00Z,2021-04-26 00:00:00,4.83119791666667,Approved,50,
2021-04-27T07:00:00Z,2021-04-27 00:00:00,4.85583333333333,Approved,50,
2021-04-28T07:00:00Z,2021-04-28 00:00:00,4.6546875,Approved,50,
2021-04-29T07:00:00Z,2021-04-29 00:00:00,4.43651041666667,Approved,50,
2021-04-30T07:00:00Z,2021-04-30 00:00:00,4.30963541666667,Approved,50,
2021-05-01T07:00:00Z,2021-05-01 00:00:00,4.23,Approved,50,
2021-05-02T07:00:00Z,2021-05-02 00:00:00,4.260625,Approved,50,
2021-05-03T07:00:00Z,2021-05-03 00:00:00,4.26645833333333,Approved,50,
2021-05-04T07:00:00Z,2021-05-04 00:00:00,4.16005208333333,Approved,50,
2021-05-05T07:00:00Z,2021-05-05 00:00:00,4.12557291666667,Approved,50,
2021-05-06T07:00:00Z,2021-05-06 00:00:00,4.1284375,Approved,50,
2021-05-07T07:00:00Z,2021-05-07 00:00:00,4.53078125,Approved,50,
2021-05-08T07:00:00Z,2021-05-08 00:00:00,4.59286458333333,Approved,50,
2021-05-09T07:00:00Z,2021-05-09 00:00:00,4.31979166666667,Approved,50,
2021-05-10T07:00:00Z,2021-05-10 00:00:00,4.18078125,Approved,50,
2021-05-11T07:00:00Z,2021-05-11 00:00:00,4.48640625,Approved,50,
2021-05-12T07:00:00Z,2021-05-12 00:00:00,4.58645833333333,Approved,50,
2021-05-13T07:00:00Z,2021-05-13 00:00:00,4.48583333333333,Approved,50,
2021-05-14T07:00:00Z,2021-05-14 00:00:00,4.83942708333333,Approved,50,
2021-05-15T07:00:00Z,2021-05-15 00:00:00,5.83026041666667,Approved,50,
2021-05-16T07:00:00Z,2021-05-16 00:00:00,6.2125,Approved,50,
2021-05-17T07:00:00Z,2021-05-17 00:00:00,6.29911458333333,Approved,50,
2021-05-18T07:00:00Z,2021-05-18 00:00:00,6.22104166666667,Approved,50,
2021-05-19T07:00:00Z,2021-05-19 00:00:00,5.33401041666667,Approved,50,
2021-05-20T07:00:00Z,2021-05-20 00:00:00,5.01588541666667,Approved,50,
2021-05-21T07:00:00Z,2021-05-21 00:00:00,6.06911458333333,Approved,50,
2021-05-22T07:00:00Z,2021-05-22 00:00:00,7.43010416666667,Approved,50,
2021-05-23T07:00:00Z,2021-05-23 00:00:00,7.35364583333333,Approved,50,
2021-05-24T07:00:00Z,2021-05-24 00:00:00,7.0521875,Approved,50,
2021-05-25T07:00:00Z,2021-05-25 00:00:00,7.23494791666667,Approved,50,
2021-05-26T07:00:00Z,2021-05-26 00:00:00,7.205,Approved,50,
2021-05-27T07:00:00Z,2021-05-27 00:00:00,7.20390625,Approved,50,
2021-05-28T07:00:00Z,2021-05-28 00:00:00,6.92885416666667,Approved,50,
2021-05-29T07:00:00Z,2021-05-29 00:00:00,6.413125,Approved,50,
2021-05-30T07:00:00Z,2021-05-30 00:00:00,6.96447916666667,Approved,50,
2021-05-31T07:00:00Z,2021-05-31 00:00:00,7.39276041666667,Approved,50,
2021-06-01T07:00:00Z,2021-06-01 00:00:00,6.90671875,Approved,50,
2021-06-02T07:00:00Z,2021-06-02 00:00:00,7.23567708333333,Approved,50,
2021-06-03T07:00:00Z,2021-06-03 00:00:00,7.74875,Approved,50,
2021-06-04T07:00:00Z,2021-06-04 00:00:00,7.60010416666667,Approved,50,
2021-06-05T07:00:00Z,2021-06-05 00:00:00,7.62864583333333,Approved,50,
2021-06-06T07:00:00Z,2021-06-06 00:00:00,7.2621875,Approved,50,
2021-06-07T07:00:00Z,2021-06-07 00:00:00,7.08369791666667,Approved,50,
2021-06-08T07:00:00Z,2021-06-08 00:00:00,7.55546875,Approved,50,
2021-06-09T07:00:00Z,2021-06-09 00:00:00,7.77270833333333,Approved,50,
2021-06-10T07:00:00Z,2021-06-10 00:00:00,8.61088541666667,Approved,50,
2021-06-11T07:00:00Z,2021-06-11 00:00:00,8.353125,Approved,50,
2021-06-12T07:00:00Z,2021-06-12 00:00:00,8.21302083333333,Approved,50,
2021-06-13T07:00:00Z,2021-06-13 00:00:00,8.40635416666667,Approved,50,
2021-06-14T07:00:00Z,2021-06-14 00:00:00,8.28369791666667,Approved,50,
2021-06-15T07:00:00Z,2021-06-15 00:00:00,8.28755208333333,Approved,50,
2021-06-16T07:00:00Z,2021-06-16 00:00:00,8.40380208333333,Approved,50,
2021-06-17T07:00:00Z,2021-06-17 00:00:00,8.54911458333333,Approved,50,
2021-06-18T07:00:00Z,2021-06-18 00:00:00,8.12927083333333,Approved,50,
2021-06-19T07:00:00Z,2021-06-19 00:00:00,8.09630208333333,Approved,50,
2021-06-20T07:00:00Z,2021-06-20 00:00:00,8.73489583333333,Approved,50,
2021-06-21T07:00:00Z,2021-06-21 00:00:00,9.77375,Approved,50,
2021-06-22T07:00:00Z,2021-06-22 00:00:00,9.67822916666667,Approved,50,
2021-06-23T07:00:00Z,2021-06-23 00:00:00,10.2817708333333,Approved,50,
2021-06-24T07:00:00Z,2021-06-24 00:00:00,10.9213020833333,Approved,50,
2021-06-25T07:00:00Z,2021-06-25 00:00:00,11.17453125,Approved,50,
2021-06-26T07:00:00Z,2021-06-26 00:00:00,11.854375,Approved,50,
2021-06-27T07:00:00Z,2021-06-27 00:00:00,12.24140625,Approved,50,
2021-06-28T07:00:00Z,2021-06-28 00:00:00,12.1411458333333,Approved,50,
2021-06-29T07:00:00Z,2021-06-29 00:00:00,12.3120833333333,Approved,50,
2021-06-30T07:00:00Z,2021-06-30 00:00:00,12.44671875,Approved,50,
2021-07-01T07:00:00Z,2021-07-01 00:00:00,12.5310416666667,Approved,50,
2021-07-02T07:00:00Z,2021-07-02 00:00:00,12.84609375,Approved,50,
2021-07-03T07:00:00Z,2021-07-03 00:00:00,12.6041666666667,Approved,50,
2021-07-04T07:00:00Z,2021-07-04 00:00:00,12.38625,Approved,50,
2021-07-05T07:00:00Z,2021-07-05 00:00:00,12.3297395833333,Approved,50,
2021-07-06T07:00:00Z,2021-07-06 00:00:00,12.5056770833333,Approved,50,
2021-07-07T07:00:00Z,2021-07-07 00:00:00,13.92390625,Approved,50,
2021-07-08T07:00:00Z,2021-07-08 00:00:00,13.9627604166667,Approved,50,
2021-07-09T07:00:00Z,2021-07-09 00:00:00,14.2024479166667,Approved,50,
2021-07-10T07:00:00Z,2021-07-10 00:00:00,13.72265625,Approved,50,
2021-07-11T07:00:00Z,2021-07-11 00:00:00,12.7365104166667,Approved,50,
2021-07-12T07:00:00Z,2021-07-12 00:00:00,12.45921875,Approved,50,
2021-07-13T07:00:00Z,2021-07-13 00:00:00,12.2014583333333,Approved,50,
2021-07-14T07:00:00Z,2021-07-14 00:00:00,12.4402083333333,Approved,50,
2021-07-15T07:00:00Z,2021-07-15 00:00:00,12.8421354166667,Approved,50,
2021-07-16T07:00:00Z,2021-07-16 00:00:00,12.87125,Approved,50,
2021-07-17T07:00:00Z,2021-07-17 00:00:00,12.6428645833333,Approved,50,
2021-07-18T07:00:00Z,2021-07-18 00:00:00,12.2608333333333,Approved,50,
2021-07-19T07:00:00Z,2021-07-19 00:00:00,12.4208854166667,Approved,50,
2021-07-20T07:00:00Z,2021-07-20 00:00:00,12.62671875,Approved,50,
2021-07-21T07:00:00Z,2021-07-21 00:00:00,13.2284895833333,Approved,50,
2021-07-22T07:00:00Z,2021-07-22 00:00:00,13.0722159090909,Approved,4,
2021-07-23T07:00:00Z,2021-07-23 00:00:00,,,,
2021-07-24T07:00:00Z,2021-07-24 00:00:00,12.5610416666667,Approved,50,
2021-07-25T07:00:00Z,2021-07-25 00:00:00,12.1843229166667,Approved,50,
2021-07-26T07:00:00Z,2021-07-26 00:00:00,12.35125,Approved,50,
2021-07-27T07:00:00Z,2021-07-27 00:00:00,12.9383854166667,Approved,50,
2021-07-28T07:00:00Z,2021-07-28 00:00:00,12.8041666666667,Approved,50,
2021-07-29T07:00:00Z,2021-07-29 00:00:00,12.9580208333333,Approved,50,
2021-07-30T07:00:00Z,2021-07-30 00:00:00,12.7758854166667,Approved,50,
2021-07-31T07:00:00Z,2021-07-31 00:00:00,13.10140625,Approved,50,
2021-08-01T07:00:00Z,2021-08-01 00:00:00,13.6543229166667,Approved,50,
2021-08-02T07:00:00Z,2021-08-02 00:00:00,14.2821875,Approved,50,
2021-08-03T07:00:00Z,2021-08-03 00:00:00,13.66203125,Approved,50,
2021-08-04T07:00:00Z,2021-08-04 00:00:00,13.5825,Approved,50,
2021-08-05T07:00:00Z,2021-08-05 00:00:00,13.3771875,Approved,50,
2021-08-06T07:00:00Z,2021-08-06 00:00:00,14.49515625,Approved,50,
2021-08-07T07:00:00Z,2021-08-07 00:00:00,13.8290625,Approved,50,
2021-08-08T07:00:00Z,2021-08-08 00:00:00,12.8536458333333,Approved,50,
2021-08-09T07:00:00Z,2021-08-09 00:00:00,12.92046875,Approved,50,
2021-08-10T07:00:00Z,2021-08-10 00:00:00,12.9040625,Approved,50,
2021-08-11T07:00:00Z,2021-08-11 00:00:00,13.1395833333333,Approved,50,
2021-08-12T07:00:00Z,2021-08-12 00:00:00,13.4105208333333,Approved,50,
2021-08-13T07:00:00Z,2021-08-13 00:00:00,13.8093229166667,Approved,50,
2021-08-14T07:00:00Z,2021-08-14 00:00:00,14.4330729166667,Approved,50,
2021-08-15T07:00:00Z,2021-08-15 00:00:00,14.4225,Approved,50,
2021-08-16T07:00:00Z,2021-08-16 00:00:00,14.0044270833333,Approved,50,
2021-08-17T07:00:00Z,2021-08-17 00:00:00,13.4228125,Approved,50,
2021-08-18T07:00:00Z,2021-08-18 00:00:00,14.4109895833333,Approved,50,
2021-08-19T07:00:00Z,2021-08-19 00:00:00,14.6994270833333,Approved,50,
2021-08-20T07:00:00Z,2021-08-20 00:00:00,14.77203125,Approved,50,
2021-08-21T07:00:00Z,2021-08-21 00:00:00,14.9286979166667,Approved,50,
2021-08-22T07:00:00Z,2021-08-22 00:00:00,14.8803645833333,Approved,50,
2021-08-23T07:00:00Z,2021-08-23 00:00:00,14.3206770833333,Approved,50,
2021-08-24T07:00:00Z,2021-08-24 00:00:00,12.7923958333333,Approved,50,
2021-08-25T07:00:00Z,2021-08-25 00:00:00,12.6491145833333,Approved,50,
2021-08-26T07:00:00Z,2021-08-26 00:00:00,13.0222395833333,Approved,50,
2021-08-27T07:00:00Z,2021-08-27 00:00:00,13.86640625,Approved,50,
2021-08-28T07:00:00Z,2021-08-28 00:00:00,13.2053125,Approved,50,
2021-08-29T07:00:00Z,2021-08-29 00:00:00,12.6838541666667,Approved,50,
2021-08-30T07:00:00Z,2021-08-30 00:00:00,12.66734375,Approved,50,
2021-08-31T07:00:00Z,2021-08-31 00:00:00,12.95265625,Approved,50,
2021-09-01T07:00:00Z,2021-09-01 00:00:00,13.0021354166667,Approved,50,
2021-09-02T07:00:00Z,2021-09-02 00:00:00,13.0425,Approved,50,
2021-09-03T07:00:00Z,2021-09-03 00:00:00,12.8389583333333,Approved,50,
2021-09-04T07:00:00Z,2021-09-04 00:00:00,13.7009375,Approved,50,
2021-09-05T07:00:00Z,2021-09-05 00:00:00,13.729375,Approved,50,
2021-09-06T07:00:00Z,2021-09-06 00:00:00,13.42171875,Approved,50,
2021-09-07T07:00:00Z,2021-09-07 00:00:00,12.8,Approved,50,
2021-09-08T07:00:00Z,2021-09-08 00:00:00,12.6734895833333,Approved,50,
2021-09-09T07:00:00Z,2021-09-09 00:00:00,12.8325,Approved,50,
2021-09-10T07:00:00Z,2021-09-10 00:00:00,12.19484375,Approved,50,
2021-09-11T07:00:00Z,2021-09-11 00:00:00,12.00296875,Approved,50,
2021-09-12T07:00:00Z,2021-09-12 00:00:00,11.8116666666667,Approved,50,
2021-09-13T07:00:00Z,2021-09-13 00:00:00,11.41734375,Approved,50,
2021-09-14T07:00:00Z,2021-09-14 00:00:00,11.23078125,Approved,50,
2021-09-15T07:00:00Z,2021-09-15 00:00:00,11.6003645833333,Approved,50,
2021-09-16T07:00:00Z,2021-09-16 00:00:00,11.8952604166667,Approved,50,
2021-09-17T07:00:00Z,2021-09-17 00:00:00,12.3916145833333,Approved,50,
2021-09-18T07:00:00Z,2021-09-18 00:00:00,12.0279166666667,Approved,50,
2021-09-19T07:00:00Z,2021-09-19 00:00:00,12.0131770833333,Approved,50,
2021-09-20T07:00:00Z,2021-09-20 00:00:00,11.7288020833333,Approved,50,
2021-09-21T07:00:00Z,2021-09-21 00:00:00,11.1034895833333,Approved,50,
2021-09-22T07:00:00Z,2021-09-22 00:00:00,11.4038541666667,Approved,50,
2021-09-23T07:00:00Z,2021-09-23 00:00:00,11.7102083333333,Approved,50,
2021-09-24T07:00:00Z,2021-09-24 00:00:00,11.5423958333333,Approved,50,
2021-09-25T07:00:00Z,2021-09-25 00:00:00,12.13328125,Approved,50,
2021-09-26T07:00:00Z,2021-09-26 00:00:00,12.5501041666667,Approved,50,
2021-09-27T07:00:00Z,2021-09-27 00:00:00,12.5173958333333,Approved,50,
2021-09-28T07:00:00Z,2021-09-28 00:00:00,11.95515625,Approved,50,
2021-09-29T07:00:00Z,2021-09-29 00:00:00,11.6053125,Approved,50,
2021-09-30T07:00:00Z,2021-09-30 00:00:00,11.6754166666667,Approved,50,
2021-10-01T07:00:00Z,2021-10-01 00:00:00,11.4448958333333,Approved,50,
2021-10-02T07:00:00Z,2021-10-02 00:00:00,12.1843229166667,Approved,50,
2021-10-03T07:00:00Z,2021-10-03 00:00:00,12.3975,Approved,50,
2021-10-04T07:00:00Z,2021-10-04 00:00:00,12.6647916666667,Approved,50,
2021-10-05T07:00:00Z,2021-10-05 00:00:00,12.5018229166667,Approved,50,
2021-10-06T07:00:00Z,2021-10-06 00:00:00,12.0865104166667,Approved,50,
2021-10-07T07:00:00Z,2021-10-07 00:00:00,12.2603645833333,Approved,50,
2021-10-08T07:00:00Z,2021-10-08 00:00:00,11.6491145833333,Approved,50,
2021-10-09T07:00:00Z,2021-10-09 00:00:00,11.7657291666667,Approved,50,
2021-10-10T07:00:00Z,2021-10-10 00:00:00,12.5325,Approved,50,
2021-10-11T07:00:00Z,2021-10-11 00:00:00,12.3065625,Approved,50,
2021-10-12T07:00:00Z,2021-10-12 00:00:00,12.3096875,Approved,50,
2021-10-13T07:00:00Z,2021-10-13 00:00:00,12.08046875,Approved,50,
2021-10-14T07:00:00Z,2021-10-14 00:00:00,11.9373958333333,Approved,50,
2021-10-15T07:00:00Z,2021-10-15 00:00:00,10.6334895833333,Approved,50,
2021-10-16T07:00:00Z,2021-10-16 00:00:00,9.91609375,Approved,50,
2021-10-17T07:00:00Z,2021-10-17 00:00:00,9.47177083333333,Approved,50,
2021-10-18T07:00:00Z,2021-10-18 00:00:00,9.72338541666667,Approved,50,
2021-10-19T07:00:00Z,2021-10-19 00:00:00,9.89885416666667,Approved,50,
2021-10-20T07:00:00Z,2021-10-20 00:00:00,10.6430729166667,Approved,50,
2021-10-21T07:00:00Z,2021-10-21 00:00:00,11.4348170731707,Approved,4,
2021-10-22T07:00:00Z,2021-10-22 00:00:00,11.12140625,Approved,50,
2021-10-23T07:00:00Z,2021-10-23 00:00:00,10.7967708333333,Approved,50,
2021-10-24T07:00:00Z,2021-10-24 00:00:00,10.2222395833333,Approved,50,
2021-10-25T07:00:00Z,2021-10-25 00:00:00,9.94119791666667,Approved,50,
2021-10-26T07:00:00Z,2021-10-26 00:00:00,9.77026041666667,Approved,50,
2021-10-27T07:00:00Z,2021-10-27 00:00:00,9.64796875,Approved,50,
2021-10-28T07:00:00Z,2021-10-28 00:00:00,9.62588541666667,Approved,50,
2021-10-29T07:00:00Z,2021-10-29 00:00:00,9.74359375,Approved,50,
2021-10-30T07:00:00Z,2021-10-30 00:00:00,9.57197916666667,Approved,50,
2021-10-31T07:00:00Z,2021-10-31 00:00:00,9.91484375,Approved,50,
2021-11-01T07:00:00Z,2021-11-01 00:00:00,10.6450520833333,Approved,50,
2021-11-02T07:00:00Z,2021-11-02 00:00:00,11.1839583333333,Approved,50,
2021-11-03T07:00:00Z,2021-11-03 00:00:00,11.2115625,Approved,50,
2021-11-04T07:00:00Z,2021-11-04 00:00:00,10.9378645833333,Approved,50,
2021-11-05T07:00:00Z,2021-11-05 00:00:00,10.654375,Approved,50,
2021-11-06T07:00:00Z,2021-11-06 00:00:00,10.4658854166667,Approved,50,
2021-11-07T07:00:00Z,2021-11-07 00:00:00,9.80572916666667,Approved,50,
2021-11-08T07:00:00Z,2021-11-08 00:00:00,9.61380208333333,Approved,50,
2021-11-09T07:00:00Z,2021-11-09 00:00:00,9.56729166666667,Approved,50,
2021-11-10T07:00:00Z,2021-11-10 00:00:00,9.6253125,Approved,50,
2021-11-11T07:00:00Z,2021-11-11 00:00:00,9.6396875,Approved,50,
2021-11-12T07:00:00Z,2021-11-12 00:00:00,9.60010416666667,Approved,50,
2021-11-13T07:00:00Z,2021-11-13 00:00:00,9.69760416666667,Approved,50,
2021-11-14T07:00:00Z,2021-11-14 00:00:00,9.56260416666667,Approved,50,
2021-11-15T07:00:00Z,2021-11-15 00:00:00,9.68526041666667,Approved,50,
2021-11-16T07:00:00Z,2021-11-16 00:00:00,8.89765625,Approved,50,
2021-11-17T07:00:00Z,2021-11-17 00:00:00,8.4021875,Approved,50,
2021-11-18T07:00:00Z,2021-11-18 00:00:00,9.05864583333333,Approved,50,
2021-11-19T07:00:00Z,2021-11-19 00:00:00,9.385625,Approved,50,
2021-11-20T07:00:00Z,2021-11-20 00:00:00,9.42567708333333,Approved,50,
2021-11-21T07:00:00Z,2021-11-21 00:00:00,9.38359375,Approved,50,
2021-11-22T07:00:00Z,2021-11-22 00:00:00,9.31682291666667,Approved,50,
2021-11-23T07:00:00Z,2021-11-23 00:00:00,9.14401041666667,Approved,50,
2021-11-24T07:00:00Z,2021-11-24 00:00:00,9.00390625,Approved,50,
2021-11-25T07:00:00Z,2021-11-25 00:00:00,8.92588541666667,Approved,50,
2021-11-26T07:00:00Z,2021-11-26 00:00:00,9.00911458333333,Approved,50,
2021-11-27T07:00:00Z,2021-11-27 00:00:00,9.00401041666667,Approved,50,
2021-11-28T07:00:00Z,2021-11-28 00:00:00,8.87192708333333,Approved,50,
2021-11-29T07:00:00Z,2021-11-29 00:00:00,8.83145833333333,Approved,50,
2021-11-30T07:00:00Z,2021-11-30 00:00:00,8.67770833333333,Approved,50,
2021-12-01T07:00:00Z,2021-12-01 00:00:00,8.71578125,Approved,50,
2021-12-02T07:00:00Z,2021-12-02 00:00:00,8.63770833333333,Approved,50,
2021-12-03T07:00:00Z,2021-12-03 00:00:00,8.52427083333333,Approved,50,
2021-12-04T07:00:00Z,2021-12-04 00:00:00,8.51385416666667,Approved,50,
2021-12-05T07:00:00Z,2021-12-05 00:00:00,8.63026041666667,Approved,50,
2021-12-06T07:00:00Z,2021-12-06 00:00:00,8.61885416666667,Approved,50,
2021-12-07T07:00:00Z,2021-12-07 00:00:00,8.40213541666667,Approved,50,
2021-12-08T07:00:00Z,2021-12-08 00:00:00,8.20739583333333,Approved,50,
2021-12-09T07:00:00Z,2021-12-09 00:00:00,8.13791666666667,Approved,50,
2021-12-10T07:00:00Z,2021-12-10 00:00:00,8.07567708333333,Approved,50,
2021-12-11T07:00:00Z,2021-12-11 00:00:00,7.97953125,Approved,50,
2021-12-12T07:00:00Z,2021-12-12 00:00:00,7.93041666666667,Approved,50,
2021-12-13T07:00:00Z,2021-12-13 00:00:00,7.81375,Approved,50,
2021-12-14T07:00:00Z,2021-12-14 00:00:00,7.83526041666667,Approved,50,
2021-12-15T07:00:00Z,2021-12-15 00:00:00,7.79619791666667,Approved,50,
2021-12-16T07:00:00Z,2021-12-16 00:00:00,7.73786458333333,Approved,50,
2021-12-17T07:00:00Z,2021-12-17 00:00:00,7.62296875,Approved,50,
2021-12-18T07:00:00Z,2021-12-18 00:00:00,7.53182291666667,Approved,50,
2021-12-19T07:00:00Z,2021-12-19 00:00:00,7.38885416666667,Approved,50,
2021-12-20T07:00:00Z,2021-12-20 00:00:00,7.34265625,Approved,50,
2021-12-21T07:00:00Z,2021-12-21 00:00:00,7.30848958333333,Approved,50,
2021-12-22T07:00:00Z,2021-12-22 00:00:00,7.21286458333333,Approved,50,
2021-12-23T07:00:00Z,2021-12-23 00:00:00,7.14630208333333,Approved,50,
2021-12-24T07:00:00Z,2021-12-24 00:00:00,7.11666666666667,Approved,50,
2021-12-25T07:00:00Z,2021-12-25 00:00:00,7.03317708333333,Approved,50,
2021-12-26T07:00:00Z,2021-12-26 00:00:00,6.96864583333333,Approved,50,
2021-12-27T07:00:00Z,2021-12-27 00:00:00,6.91875,Approved,50,
2021-12-28T07:00:00Z,2021-12-28 00:00:00,6.79755208333333,Approved,50,
2021-12-29T07:00:00Z,2021-12-29 00:00:00,6.67432291666667,Approved,50,
2021-12-30T07:00:00Z,2021-12-30 00:00:00,6.54046875,Approved,50,
2021-12-31T07:00:00Z,2021-12-31 00:00:00,6.43645833333333,Approved,50,
