DataType,TemperatureProfile,,,,,,,,,,,,,,,,,,,
ElevOrDepth,Elevation,,,,,,,,,,,,,,,,,,,
ElevUnits,feet,,,,,,,,,,,,,,,
InputDegrees,Fahrenheit,,,,,,,,,,,,,,,,,,,
Ytype,Elevation,,,,,,,,,,,,,,,,,,,
Yunits,feet,,,,,,,,,,,,,,,,,,,
Ymin,2160,,,,,,,,,,,,,,,,,,,
Ymax,2460,,,,,,,,,,,,,,,,,,,
Ymajor,20,,,,,,,,,,,,,,,,,,,
WTunits,Celsius,,,,,,,,,,,,,,,,,,,
WTmin,4,,,,,,,,,,,,,,,,,,,
WTmax,24,,,,,,,,,,,,,,,,,,,
WTmajor,2,,,,,,,,,,,,,,,,,,,
ElevationOrDepth,Surface,2450,2440,2430,2420,2410,2400,2390,2380,2370,2360,2350,2340,2330,2320,2310,2300,2275,2225,2170
1/1/2020,2426.42,na,na,na,41.79,43.03,42.01,42.2,42.69,42.53,42.48,42.66,42.39,42.62,42.43,42.69,42.62,42.52,42.63,39.6
1/2/2020,2426.37,na,na,na,41.72,43,41.97,42.17,42.67,42.49,42.45,42.64,42.37,42.6,42.41,42.68,42.6,42.5,42.59,39.54
1/3/2020,2426.35,na,na,na,41.69,42.95,41.91,42.11,42.6,42.44,42.4,42.58,42.31,42.54,42.35,42.61,42.54,42.43,42.38,39.18
1/4/2020,2426.33,na,na,na,41.6,42.87,41.84,42.04,42.53,42.37,42.33,42.51,42.24,42.47,42.28,42.55,42.47,42.37,42.44,39.45
1/5/2020,2426.25,na,na,na,41.57,42.81,41.76,41.94,42.42,42.27,42.22,42.41,42.14,42.37,42.18,42.45,42.37,42.28,42.34,39.44
1/6/2020,2426.22,na,na,na,41.42,42.73,41.72,41.92,42.4,42.25,42.21,42.4,42.13,42.36,42.16,42.43,42.35,42.25,41.72,39.37
1/7/2020,2426.2,na,na,na,41.39,42.68,41.65,41.85,42.34,42.18,42.14,42.32,42.05,42.27,42.08,42.35,42.27,42.17,42.24,39.85
1/8/2020,2426.18,na,na,na,41.35,42.61,41.59,41.78,42.29,42.14,42.09,42.27,42.01,42.24,42.04,42.31,42.23,42.14,42.24,40.23
1/9/2020,2426.12,na,na,na,41.23,42.55,41.51,41.71,42.19,42.04,42.02,42.22,41.97,42.2,42.02,42.28,42.16,42.1,42.16,39.55
1/10/2020,2426.12,na,na,na,41.09,42.44,41.4,41.55,42.05,41.92,41.88,42.06,41.81,42.06,41.88,42.18,42.1,41.97,41.99,39.54
1/11/2020,2426.03,na,na,na,41.08,42.32,41.28,41.51,42.01,41.83,41.79,41.98,41.72,41.94,41.75,42.02,41.95,41.86,41.96,39.69
1/12/2020,2425.91,na,na,na,41.04,42.27,41.25,41.44,41.95,41.8,41.75,41.94,41.69,41.92,41.73,41.98,41.89,41.82,41.91,39.7
1/13/2020,2425.91,na,na,na,40.93,42.22,41.17,41.35,41.84,41.67,41.62,41.83,41.57,41.83,41.65,41.91,41.82,41.75,41.85,39.48
1/14/2020,2425.92,na,na,na,40.72,42.05,41.03,41.2,41.73,41.56,41.54,41.7,41.43,41.69,41.51,41.78,41.7,41.6,41.74,39.93
1/15/2020,2425.86,na,na,na,40.68,41.94,40.91,41.11,41.6,41.43,41.39,41.57,41.3,41.53,41.34,41.61,41.53,41.41,41.48,41.24
1/16/2020,2425.71,na,na,na,40.43,41.68,40.68,40.91,41.37,41.2,41.15,41.34,41.08,41.28,41.09,41.38,41.31,41.19,41.34,41.06
1/17/2020,2425.59,na,na,na,40.25,41.6,40.56,40.78,41.29,41.14,41.09,41.25,41.03,41.26,41.07,41.34,41.25,41.16,41.26,40.99
1/18/2020,2425.46,na,na,na,40.23,41.55,40.54,40.74,41.25,41.04,41.01,41.19,40.93,41.15,40.96,41.23,41.15,41.05,41.16,39.92
1/19/2020,2425.36,na,na,na,40.32,41.57,40.53,40.71,41.2,41.03,40.98,41.17,40.9,41.12,40.94,41.2,41.12,41.02,41.12,40.84
1/20/2020,2425.26,na,na,na,40.25,41.51,40.49,40.68,41.17,41.02,40.98,41.15,40.88,41.11,40.92,41.19,41.11,41.02,41.13,39.47
1/21/2020,2425.18,na,na,na,40.28,41.52,40.5,40.68,41.15,40.99,40.95,41.13,40.87,41.1,40.9,41.17,41.09,41,41.1,39.32
1/22/2020,2425.12,na,na,na,40.23,41.51,40.47,40.66,41.15,40.98,40.93,41.11,40.85,41.08,40.89,41.15,41.07,40.98,41.09,39.58
1/23/2020,2425.05,na,na,na,40.27,41.53,40.46,40.64,41.12,40.96,40.92,41.1,40.83,41.05,40.87,41.13,41.06,40.96,41.06,39.57
1/24/2020,2425,na,na,na,40.17,41.45,40.44,40.63,41.12,40.95,40.91,41.1,40.83,41.05,40.86,41.14,41.06,40.96,41.06,40.29
1/25/2020,2424.94,na,na,na,40.22,41.46,40.41,40.59,41.09,40.93,40.88,41.06,40.81,41.04,40.85,41.11,41.04,40.92,41.03,39.81
1/26/2020,2424.92,na,na,na,40.21,41.46,40.44,40.63,41.1,40.94,40.89,41.07,40.81,41.03,40.84,41.11,41.03,40.87,40.95,39.89
1/27/2020,2424.9,na,na,na,40.09,41.37,40.38,40.57,41.03,40.83,40.79,40.99,40.74,40.97,40.78,41.05,40.97,40.88,40.86,40.09
1/28/2020,2424.84,na,na,na,40.12,41.37,40.32,40.51,41.03,40.86,40.81,41,40.75,40.95,40.78,41.04,40.92,40.75,40.8,40.12
1/29/2020,2424.83,na,na,na,40.13,41.37,40.32,40.5,40.99,40.82,40.78,40.96,40.7,40.93,40.74,41,40.92,40.78,40.78,39.82
1/30/2020,2424.76,na,na,na,40.04,41.26,40.24,40.43,40.92,40.78,40.74,40.92,40.66,40.88,40.7,40.93,40.84,40.71,40.79,39.47
1/31/2020,2424.71,na,na,na,40,41.24,40.22,40.4,40.89,40.71,40.67,40.83,40.56,40.78,40.56,40.77,40.68,40.56,40.49,39.66
2/1/2020,2424.66,na,na,na,40.02,41.27,40.24,40.43,40.92,40.75,40.71,40.9,40.64,40.86,40.67,40.93,40.86,40.76,40.47,40.02
2/2/2020,2424.55,na,na,na,39.54,40.79,39.74,39.91,40.4,40.22,40.16,40.34,40.08,40.31,40.11,40.25,40.18,40.07,40.18,39.93
2/3/2020,2424.69,na,na,na,39.35,40.6,39.58,39.79,40.28,40.11,40.07,40.31,40.03,40.27,40.09,40.34,40.25,40.11,40.2,39.72
2/4/2020,2424.74,na,na,na,39.21,40.5,39.51,39.67,40.16,40,39.97,40.15,39.89,40.14,39.95,40.22,40.14,40.07,40.21,39.83
2/5/2020,2424.73,na,na,na,39.19,40.44,39.41,39.62,40.13,39.95,39.92,40.1,39.84,40.07,39.87,40.14,40.07,40,40.11,39.85
2/6/2020,2424.65,na,na,na,39.15,40.41,39.38,39.57,40.06,39.89,39.84,40.03,39.77,39.99,39.8,40.07,40,39.91,40.04,39.83
2/7/2020,2424.5,na,na,na,39.23,40.47,39.46,39.65,40.13,39.96,39.91,40.1,39.84,40.06,39.87,40.13,40.06,39.96,40.1,39.74
2/8/2020,2423.99,na,na,na,39.13,40.37,39.36,39.56,40.04,39.87,39.83,40.01,39.76,39.98,39.8,40.06,39.99,39.9,40,39.74
2/9/2020,2423.19,na,na,na,39.01,40.27,39.24,39.42,39.89,39.72,39.68,39.87,39.61,39.84,39.65,39.91,39.84,39.73,39.83,39.56
2/10/2020,2422.38,na,na,na,38.9,40.2,39.15,39.37,39.87,39.69,39.65,39.84,39.59,39.81,39.62,39.88,39.8,39.71,39.86,39.51
2/11/2020,2421.57,na,na,na,38.91,40.2,39.17,39.38,39.85,39.68,39.66,39.85,39.6,39.83,39.66,39.9,39.82,39.73,39.71,39.42
2/12/2020,2420.68,na,na,na,38.91,40.17,39.16,39.36,39.85,39.68,39.63,39.81,39.54,39.77,39.59,39.85,39.77,39.68,39.78,39.51
2/13/2020,2419.87,na,na,na,na,40.11,39.09,39.27,39.74,39.62,39.58,39.77,39.51,39.73,39.55,39.81,39.73,39.62,39.76,39.48
2/14/2020,2419,na,na,na,na,40.13,39.1,39.29,39.75,39.58,39.54,39.72,39.46,39.68,39.49,39.76,39.68,39.53,39.65,39.38
2/15/2020,2418.11,na,na,na,na,40.1,39.05,39.23,39.71,39.54,39.5,39.68,39.42,39.64,39.46,39.73,39.65,39.56,39.67,39.39
2/16/2020,2417.27,na,na,na,na,39.99,38.96,39.16,39.63,39.46,39.42,39.62,39.37,39.59,39.4,39.67,39.59,39.49,39.6,39.33
2/17/2020,2416.43,na,na,na,na,39.98,38.92,39.14,39.61,39.45,39.42,39.62,39.36,39.59,39.4,39.67,39.59,39.5,39.6,39.33
2/18/2020,2415.57,na,na,na,na,39.95,38.94,39.13,39.59,39.45,39.41,39.59,39.32,39.56,39.36,39.64,39.56,39.47,39.58,39.26
2/19/2020,2414.72,na,na,na,na,39.79,38.75,38.95,39.47,39.33,39.32,39.49,39.24,39.44,39.25,39.5,39.47,39.38,39.49,39.2
2/20/2020,2413.85,na,na,na,na,39.83,38.8,39.06,39.57,39.4,39.35,39.53,39.26,39.49,39.31,39.57,39.51,39.4,39.5,39.24
2/21/2020,2412.92,na,na,na,na,39.83,38.79,38.99,39.47,39.31,39.27,39.45,39.19,39.42,39.24,39.5,39.42,39.32,39.43,39.13
2/22/2020,2411.97,na,na,na,na,39.78,38.76,38.94,39.43,39.28,39.22,39.39,39.13,39.37,39.18,39.45,39.38,39.28,39.39,39.08
2/23/2020,2411.06,na,na,na,na,39.82,38.8,38.97,39.46,39.3,39.26,39.44,39.18,39.4,39.22,39.47,39.4,39.3,39.41,39.14
2/24/2020,2410.16,na,na,na,na,39.56,38.75,38.94,39.4,39.22,39.18,39.36,39.09,39.31,39.12,39.39,39.32,39.21,39.32,39.05
2/25/2020,2409.22,na,na,na,na,na,38.69,38.88,39.33,39.19,39.15,39.33,39.07,39.3,39.11,39.37,39.3,39.2,39.3,39.03
2/26/2020,2408.33,na,na,na,na,na,38.75,38.92,39.38,39.21,39.17,39.35,39.09,39.32,39.13,39.4,39.32,39.23,39.33,39.05
2/27/2020,2407.38,na,na,na,na,na,38.67,38.86,39.35,39.19,39.15,39.33,39.08,39.31,39.15,39.41,39.34,39.25,39.34,39.07
2/28/2020,2406.76,na,na,na,na,na,38.7,38.88,39.36,39.2,39.12,39.31,39.06,39.3,39.11,39.38,39.3,39.2,39.33,39.07
3/1/2020,2406.24,na,na,na,na,na,38.59,38.75,39.24,39.07,39.01,39.23,38.95,39.17,38.98,39.23,39.15,39.05,39.09,38.81
3/2/2020,2406.18,na,na,na,na,na,38.45,38.65,39.13,38.97,38.92,39.12,38.85,39.08,38.89,39.15,39.07,38.98,39.13,38.76
3/3/2020,2406.08,na,na,na,na,na,38.53,38.69,39.16,38.99,38.95,39.13,38.87,39.09,38.92,39.18,39.09,38.96,39,38.81
3/4/2020,2406.01,na,na,na,na,na,38.42,38.6,39.07,38.89,38.85,39.02,38.75,38.96,38.78,39.04,38.97,38.76,38.88,38.65
3/5/2020,2405.98,na,na,na,na,na,38.29,38.49,38.92,38.76,38.71,38.88,38.58,38.8,38.62,38.9,38.82,38.78,38.76,38.69
3/6/2020,2405.94,na,na,na,na,na,38.51,38.65,39.13,38.95,38.91,39.1,38.81,39.07,38.89,39.16,39.07,38.88,38.87,38.55
3/7/2020,2405.84,na,na,na,na,na,38.53,38.68,39.15,38.97,38.91,39.08,38.81,39.03,38.73,39,38.94,38.84,38.83,38.55
3/8/2020,2405.78,na,na,na,na,na,38.56,38.69,39.18,38.99,38.84,38.97,38.68,38.88,38.67,38.92,38.83,38.73,38.81,38.65
3/9/2020,2405.72,na,na,na,na,na,38.49,38.66,39.14,38.66,38.57,38.71,38.45,38.72,38.56,38.86,38.79,38.7,38.82,38.55
3/10/2020,2405.69,na,na,na,na,na,38.45,38.41,38.72,38.54,38.52,38.72,38.5,38.73,38.54,38.81,38.73,38.63,38.7,38.35
3/11/2020,2405.59,na,na,na,na,na,38.45,38.61,39.09,38.91,38.86,39.04,38.78,39,38.78,39.03,38.95,38.86,38.96,38.46
3/12/2020,2405.5,na,na,na,na,na,38.57,38.75,39.22,39.03,38.98,39.03,38.54,38.72,38.48,38.74,38.66,38.55,38.69,38.47
3/13/2020,2405.46,na,na,na,na,na,38.21,38.39,38.88,38.71,38.67,38.85,38.58,38.81,38.62,38.89,38.81,38.72,38.83,38.55
3/14/2020,2405.47,na,na,na,na,na,37.78,37.96,38.45,38.32,38.26,38.47,38.21,38.43,38.25,38.51,38.42,38.33,38.44,38.16
3/15/2020,2405.41,na,na,na,na,na,37.63,37.86,38.34,38.17,38.13,38.33,38.08,38.31,38.12,38.38,38.31,38.22,38.32,38.05
3/16/2020,2405.2,na,na,na,na,na,37.61,37.83,38.31,38.13,38.3,38.51,38.25,38.48,38.32,38.58,38.49,38.39,38.48,38.23
3/17/2020,2405.06,na,na,na,na,na,37.72,38.07,38.56,38.39,38.36,38.55,38.28,38.51,38.32,38.59,38.51,38.42,38.52,38.26
3/18/2020,2404.98,na,na,na,na,na,37.92,38.1,38.57,38.42,38.38,38.57,38.27,38.51,38.29,38.55,38.49,38.4,38.5,38.15
3/19/2020,2404.87,na,na,na,na,na,38.03,38.19,38.67,38.51,38.46,38.59,38.31,38.53,38.34,38.61,38.46,38.4,38.57,38.29
3/20/2020,2404.8,na,na,na,na,na,37.96,38.15,38.63,38.46,38.42,38.6,38.34,38.61,38.43,38.7,38.61,38.47,38.61,38.37
3/21/2020,2404.71,na,na,na,na,na,38.3,38.5,38.82,38.67,38.67,38.8,38.5,38.7,38.46,38.71,38.65,38.55,38.63,38.36
3/22/2020,2404.62,na,na,na,na,na,38.4,38.35,38.79,38.62,38.57,38.74,38.47,38.7,38.51,38.77,38.69,38.55,38.56,38.28
3/23/2020,2404.52,na,na,na,na,na,38.08,38.25,38.73,38.54,38.49,38.67,38.38,38.61,38.47,38.73,38.67,38.51,38.61,38.32
3/24/2020,2404.41,na,na,na,na,na,38.29,38.43,38.79,38.56,38.46,38.61,38.35,38.56,38.36,38.62,38.55,38.46,38.55,38.27
3/25/2020,2404.35,na,na,na,na,na,37.98,38.17,38.64,38.43,38.38,38.53,38.29,38.51,38.34,38.59,38.53,38.42,38.52,38.25
3/26/2020,2404.29,na,na,na,na,na,38.13,38.31,38.76,38.57,38.54,38.58,38.32,38.54,38.36,38.62,38.55,38.46,38.57,38.29
3/27/2020,2404.19,na,na,na,na,na,38.36,38.43,38.84,38.65,38.47,38.62,38.36,38.59,38.41,38.66,38.58,38.49,38.59,38.32
3/28/2020,2404.11,na,na,na,na,na,38.12,38.25,38.71,38.52,38.48,38.65,38.39,38.61,38.43,38.69,38.62,38.53,38.6,38.34
3/29/2020,2404.04,na,na,na,na,na,38.08,38.23,38.71,38.51,38.47,38.64,38.39,38.6,38.42,38.68,38.61,38.52,38.55,38.26
3/30/2020,2403.97,na,na,na,na,na,38,38.16,38.64,38.46,38.41,38.59,38.34,38.56,38.38,38.62,38.55,38.45,38.55,38.27
3/31/2020,2403.92,na,na,na,na,na,37.45,37.68,38.61,38.44,38.4,38.58,38.34,38.53,38.32,38.58,38.49,38.4,38.5,38.23
4/1/2020,2403.95,na,na,na,na,na,37.81,38.04,38.55,38.36,38.37,38.56,38.28,38.5,38.31,38.59,38.52,38.44,38.56,38.27
4/2/2020,2403.98,na,na,na,na,na,38.08,38.22,38.71,38.53,38.5,38.67,38.41,38.62,38.44,38.69,38.62,38.51,38.62,38.33
4/3/2020,2403.89,na,na,na,na,na,38.24,38.37,38.79,38.64,38.55,38.74,38.47,38.73,38.56,38.83,38.74,38.66,38.76,38.4
4/4/2020,2403.78,na,na,na,na,na,38.37,38.53,38.94,38.74,38.61,38.77,38.5,38.73,38.49,38.77,38.7,38.62,38.71,38.45
4/5/2020,2403.74,na,na,na,na,na,38.5,38.65,39.13,38.96,38.91,39.09,38.84,39.06,38.88,39.14,39.06,38.98,38.88,38.28
4/6/2020,2403.69,na,na,na,na,na,38.79,38.98,39.41,39.14,38.97,39.11,38.85,39.07,38.88,39.14,39.07,38.95,38.77,38.32
4/7/2020,2403.59,na,na,na,na,na,38.76,38.87,39.27,39.04,38.99,39.05,38.77,38.96,38.76,38.89,38.74,38.58,38.63,38.33
4/8/2020,2403.49,na,na,na,na,na,39.1,39.2,39.01,38.56,38.49,38.66,38.38,38.61,38.42,38.67,38.59,38.5,38.57,38.29
4/9/2020,2403.45,na,na,na,na,na,39.26,38.79,39.11,38.82,38.72,38.82,38.53,38.75,38.52,38.77,38.7,38.51,38.62,38.33
4/10/2020,2403.38,na,na,na,na,na,39.84,39.88,40.27,38.82,38.74,38.91,38.54,38.7,38.47,38.72,38.65,38.55,38.64,38.36
4/11/2020,2403.31,na,na,na,na,na,39.02,39.19,39.67,39.51,39.46,39.65,39.38,39.6,39.42,39.68,39.62,39.51,39.63,39.3
4/12/2020,2403.36,na,na,na,na,na,39.68,39.27,39.69,39.47,39.43,39.59,39.32,39.56,39.36,39.63,39.56,39.44,39.41,38.84
4/13/2020,2403.3,na,na,na,na,na,39.62,39.7,39.58,39.38,39.32,39.5,39.24,39.46,39.27,39.53,39.46,39.36,39.24,38.91
4/14/2020,2403.26,na,na,na,na,na,39.48,39.46,39.55,39.18,39.02,39.17,38.9,39.12,38.92,39.15,39.07,38.94,39.01,38.67
4/15/2020,2403.21,na,na,na,na,na,39.26,39.41,39.89,39.71,39.66,39.84,39.58,39.69,39.21,39.47,39.39,39.19,38.94,38.53
4/16/2020,2403.24,na,na,na,na,na,39.7,39.81,40.31,40.06,40,40.23,39.89,40.12,39.91,40.14,40.06,39.95,40.01,38.63
4/17/2020,2403.18,na,na,na,na,na,40.02,39.59,39.94,39.7,39.62,39.79,39.49,39.68,39.47,39.71,39.62,39.32,39.2,38.74
4/18/2020,2403.14,na,na,na,na,na,40.41,40.59,41.09,40.9,40.84,39.87,39.55,39.65,39.3,39.54,39.46,39.14,39.09,38.65
4/19/2020,2403.18,na,na,na,na,na,41.36,41.43,41.56,40.87,40.32,40.14,39.59,39.77,39.5,39.74,39.65,39.45,39.16,38.54
4/20/2020,2403.17,na,na,na,na,na,42.42,40.37,40.38,40.18,40.05,39.74,39.45,39.55,39.31,39.18,39.06,38.85,38.87,38.58
4/21/2020,2403.18,na,na,na,na,na,40.98,39.75,39.8,39.59,39.49,39.63,39.05,39.19,38.95,39.15,39.02,38.75,38.84,38.49
4/22/2020,2403.23,na,na,na,na,na,40.82,40.85,40.06,39.59,39.39,39.47,39.11,39.29,39.12,39.28,39.04,38.91,38.69,38.4
4/23/2020,2403.38,na,na,na,na,na,39.57,39.62,39.23,38.87,38.82,38.95,38.69,38.84,38.65,38.83,38.72,38.59,38.69,38.36
4/24/2020,2403.64,na,na,na,na,na,40.35,39.3,39.36,38.85,38.63,38.79,38.52,38.74,38.52,38.68,38.57,38.46,38.51,38.23
4/25/2020,2403.99,na,na,na,na,na,38.75,38.58,38.89,38.67,38.57,38.72,38.44,38.63,38.37,38.62,38.54,38.41,38.49,38.2
4/26/2020,2404.36,na,na,na,na,na,39.24,39.23,39.67,39.5,39.43,38.78,38.32,38.54,38.37,38.59,38.53,38.41,38.4,38.11
4/27/2020,2404.71,na,na,na,na,na,38.89,39.04,39.54,39.38,39.34,39.33,38.41,38.59,38.38,38.6,38.52,38.3,38.35,38.06
4/28/2020,2405.03,na,na,na,na,na,38.03,38.08,38.53,38.24,38.19,38.36,38.05,38.26,38.07,38.33,38.26,38.17,38.28,38
4/29/2020,2405.31,na,na,na,na,na,39.76,39.72,38.98,38.27,38.22,38.39,38.11,38.3,38.07,38.32,38.25,38.15,38.26,37.98
4/30/2020,2405.43,na,na,na,na,na,41.2,41.21,41.47,39.55,39.05,39.25,38.16,38.5,38.11,38.37,38.28,38.15,38.25,37.96
5/1/2020,2405.45,na,na,na,na,na,39.78,39.89,40.44,39.03,38.38,38.37,38.1,38.33,38.13,38.39,38.35,38.25,38.35,38.08
5/2/2020,2405.56,na,na,na,na,na,39.95,40.14,39.3,38.5,38.39,38.48,38.18,38.36,38.15,38.48,38.41,38.43,38.52,38.09
5/3/2020,2405.61,na,na,na,na,na,41.67,41.8,40.76,38.62,38.58,38.7,38.32,38.53,38.35,38.58,38.49,38.43,38.48,38.17
5/4/2020,2405.63,na,na,na,na,na,39.71,39.93,38.92,38.6,38.55,38.73,38.47,38.69,38.51,38.77,38.7,38.41,38.51,38.23
5/5/2020,2405.76,na,na,na,na,na,39.43,39.5,40.01,39.49,38.64,38.8,38.52,38.77,38.59,38.82,38.73,38.43,38.5,38.16
5/6/2020,2405.88,na,na,na,na,na,41.77,41.9,40.33,38.83,38.66,38.84,38.58,38.81,38.62,38.88,38.8,38.7,38.45,38.18
5/7/2020,2405.9,na,na,na,na,na,39.12,39.24,39.79,39.46,38.76,38.92,38.68,38.88,38.7,38.83,38.75,38.41,38.5,38.22
5/8/2020,2405.94,na,na,na,na,na,41.34,40.14,39.54,38.94,38.88,39.03,38.77,38.98,38.75,38.89,38.6,38.42,38.56,38.28
5/9/2020,2405.99,na,na,na,na,na,42.41,42.59,43.09,42.87,40.61,39.97,38.99,39.08,38.89,39.18,39.1,38.9,38.68,38.33
5/10/2020,2406.03,na,na,na,na,na,44.47,44.57,45.01,43.74,43.58,43.71,43.18,40.6,40.27,40.5,40.29,39.37,39.05,38.55
5/11/2020,2406.11,na,na,na,na,na,44.67,44.8,45.27,45.12,45.08,45.22,44.54,44.47,44.23,43.67,43.37,40.34,39.39,38.43
5/12/2020,2406.2,na,na,na,na,na,44.67,44.82,45.17,45,44.91,45.07,44,44.17,43.98,44.17,42.89,40.1,39.18,38.42
5/13/2020,2406.21,na,na,na,na,na,45.78,45.09,44.38,44.17,43.59,42.92,42.61,41.85,41.65,41.82,41.5,39.17,39.14,38.35
5/14/2020,2406.31,na,na,na,na,na,44.11,43.72,43.73,43.46,42.94,43.08,42.81,42.98,42.74,41.66,41.59,41.45,38.87,38.47
5/15/2020,2406.33,na,na,na,na,na,45.57,43.42,43.92,43.28,43.18,43.28,42.84,43.03,42.09,42.22,41.54,39.36,39.29,38.54
5/16/2020,2406.34,na,na,na,na,na,42.97,42.98,43.44,43.25,43.17,42.2,41.57,41.63,39.95,40.03,39.88,39.23,38.77,38.46
5/17/2020,2406.43,na,na,na,na,na,43.63,43.55,42.96,42.78,42.71,42.9,42.47,42.49,42.22,40.66,40.37,39.26,38.93,38.52
5/18/2020,2406.67,na,na,na,na,na,47.03,43.35,43.41,43.17,42.73,42.39,42.08,40.83,40.54,39.89,39.81,39.67,39.11,38.56
5/19/2020,2407.05,na,na,na,na,na,49.37,44.14,44.53,43.37,42.52,42.45,41.12,40.71,39.54,39.69,39.67,39.27,39.01,38.62
5/20/2020,2407.59,na,na,na,na,na,50.24,48.35,47,44.16,43.75,42.67,42.22,42.4,42.03,41.41,39.94,39.66,39.32,38.69
5/21/2020,2408.3,na,na,na,na,na,49.75,46.14,46.19,45.77,43.82,43.61,42.28,42.47,42.25,41.99,41.45,39.63,39.53,38.88
5/22/2020,2409.13,na,na,na,na,45.99,44.87,45.01,44.19,42.75,42.65,42.82,40.85,40.9,40.58,40.55,40.17,39.71,39.46,38.76
5/23/2020,2410.43,na,na,na,na,46.37,43.65,43.3,43.72,43.54,42.51,42.67,41.79,41.49,41.15,39.91,39.81,39.47,39.34,38.94
5/24/2020,2411.86,na,na,na,na,47.03,45.22,43.72,44.2,43.99,43.54,43.15,42.59,42.74,41.84,41.87,41.62,39.92,39.74,38.79
5/25/2020,2412.95,na,na,na,na,47.5,45.42,44.72,43.8,42.67,42.29,42.42,41.79,41.57,40.58,40.62,39.68,39.32,39.3,38.97
5/26/2020,2413.77,na,na,na,na,48.33,45.74,45.64,46.14,45.96,45.92,45.39,43.02,43.26,42.99,42.15,41.8,40.79,39.3,38.89
5/27/2020,2414.53,na,na,na,na,49.39,47.42,46.74,46.64,46.15,46.05,45.59,45.31,45.29,44.24,43.19,43,41.47,39.98,38.85
5/28/2020,2415.44,na,na,na,na,53.29,52.21,47.35,47.5,47.14,47.03,46.57,46.06,46.27,45.04,43.45,42.64,40.13,39.32,38.83
5/29/2020,2416.46,na,na,na,na,56.36,52.92,50.33,48.41,48.22,48.08,48.23,47.24,47.07,45.8,45,43.82,41.38,39.35,38.84
5/30/2020,2417.44,na,na,na,na,57.71,55.27,54.38,52.74,49.79,49.08,48.03,46.73,46.89,44.91,44.78,42.4,40.9,39.27,38.88
5/31/2020,2418.55,na,na,na,na,56.24,53.66,53.68,50.76,49.62,49.3,47.7,47.25,46.85,44.46,43.83,41.5,39.92,39.29,39
6/1/2020,2420.14,na,na,na,54.3,53.56,51.63,51.67,50.78,49.18,48.42,47.59,47.1,45.62,45.29,42.45,42.32,40.01,39.28,38.89
6/2/2020,2422.97,na,na,na,54.44,51.95,50.63,49.54,49.01,48.79,47.69,46.31,44.98,43.51,41.9,40.9,40.58,39.88,39.25,38.85
6/3/2020,2425.79,na,na,na,51.25,51.7,48.99,49.1,49.61,47.37,47.26,44.45,43.16,43.1,41.93,40.73,40.64,39.94,39.46,38.93
6/4/2020,2428.15,na,na,52.76,52.24,53.38,49.42,48.17,48.13,47.65,45.96,44.1,43.69,43.59,43.32,43.5,42.44,41.65,40.1,38.96
6/5/2020,2429.86,na,na,53.29,52.87,54.17,53.05,53.24,53.62,49.71,49.61,49.43,48.34,48.53,47.94,47,46.87,45.2,40.5,38.87
6/6/2020,2431.12,na,na,54.37,52.98,54.26,53.17,53.35,53.9,53.76,51.71,51.52,48.59,48.16,45.57,44.62,42.52,40.71,39.58,38.98
6/7/2020,2432.01,na,na,53.76,53.19,53.17,50.91,50.78,51.19,50.83,48.49,48.57,47.91,46.38,45.21,43.3,41.82,40.79,39.47,39
6/8/2020,2432.98,na,na,53.27,51.79,52.3,49.81,49.95,49.7,49.45,47.25,47.21,46.18,45.15,43.44,43.23,42.24,40.27,39.74,39.2
6/9/2020,2433.78,na,na,52.97,50.02,51.22,50.05,50.12,49.68,49.22,47.98,47.41,45.5,45.55,45.25,44.47,43.02,41.7,39.87,39.04
6/10/2020,2434.55,na,na,51.35,50.34,50.28,49.14,49.26,49.07,48.27,47.29,47.43,46.55,46.16,45.07,43.57,43.2,40.95,40.07,39.16
6/11/2020,2435.08,na,na,51.92,49.65,50.37,49.23,49.28,49.58,48.55,48.44,47.34,46.96,45.64,44.45,43.95,43.61,41.44,40.22,39.03
6/12/2020,2435.49,na,na,55.86,55.44,51.19,49.86,48.73,49.25,48.33,48.07,47.69,45.75,45.88,45.15,45.22,43.94,42.19,40.3,39.13
6/13/2020,2435.84,na,na,58.09,56.3,57.43,50.84,49.57,49,48.8,47.78,47.63,47.36,47.34,46.29,45.8,44.67,43.31,40.13,39.06
6/14/2020,2436.37,na,na,52.39,50.43,50.1,49,49.18,49.68,48.72,47.59,47.67,47.38,46.49,46.15,45.11,44.63,42.74,39.6,39.01
6/15/2020,2437.16,na,na,49.21,48.49,49.34,48.18,48.29,47.92,47.74,47.57,47,46.71,46.79,45.04,44.92,44.53,41.25,39.7,39.25
6/16/2020,2438.3,na,na,50.11,48.56,49.36,48.21,48.35,47.83,47.62,47.52,47.68,47.03,46.64,45.92,44.9,44.59,43.53,40.08,39.23
6/17/2020,2439.29,na,na,49.6,48.8,50.05,48.76,48.32,48.85,48.31,47.81,46.34,46.07,46.17,45.1,43.88,42.95,41.19,39.87,39.07
6/18/2020,2439.9,na,na,51.27,50.41,50.21,48.97,48.56,48.47,48.23,48.18,48.33,47.29,47.48,46.8,45.59,45.15,43,39.8,39.22
6/19/2020,2440.28,na,58.36,55.91,52.46,53.59,52,49.49,50.03,48.38,48.23,48.35,47.9,47.49,45.93,46.06,44.62,41.39,40.12,39.3
6/20/2020,2440.58,na,58.67,57.68,53.31,52.42,50.98,49.39,49.55,48.88,48.79,48.18,47.48,46.92,46.33,45.84,45.23,41.18,40.18,39.17
6/21/2020,2441,na,58.29,52.47,51.4,52.25,50.09,50.18,49.99,48.87,48.05,48.07,47.2,46.5,45.8,45.81,44.96,42.75,40.09,39.17
6/22/2020,2441.53,na,54.18,51.62,50.82,51.82,49.88,50.03,49.07,48.86,48.39,48.31,47.4,47.18,45.9,45.22,43.12,40.85,40.08,39.21
6/23/2020,2442.16,na,55.83,52.58,50.8,50.99,49.82,49.36,49.9,48.92,48.82,48.15,47.36,47.55,46.7,46.75,45.89,42.94,40.45,39.3
6/24/2020,2442.9,na,59.84,52.01,49.99,50.76,49.6,49.69,49.44,48.71,48.33,48.39,47.88,48.07,47.1,46.94,45.62,41.74,40,39.14
6/25/2020,2443.73,na,59.82,56.79,51.17,51.09,49.96,50.14,50.69,50.07,49.55,49.67,48.1,47.79,46.84,45.92,44.94,42.6,40.18,39.31
6/26/2020,2444.63,na,60.5,56.75,52.17,51.9,50.56,50.64,50.05,49.89,48.78,48.65,47.89,47.78,46.37,46.39,45.47,42.67,39.9,39.28
6/27/2020,2445.4,na,55.73,55.57,52.74,52.93,51.54,50.5,50.42,49.59,49.29,49.37,48.11,47.77,47.43,47.45,47.35,45.59,41.22,39.18
6/28/2020,2446.08,na,60.59,60.73,53.34,54.6,50.84,50.84,51.29,50.09,49.96,49.43,48.24,48.17,46.57,46.58,45.55,42.32,39.73,39.24
6/29/2020,2446.77,na,60.66,60.65,59.15,59.97,56.55,51.67,50.47,50.18,49.56,49.01,47.72,47.81,46.69,46.57,45.11,42.68,40.02,39.23
6/30/2020,2447.32,na,60.3,59.83,58.6,54.1,52.93,52.28,51.51,50.97,50.3,49.17,48.81,48.77,47.05,47.16,46.97,45.71,40.97,39.52
7/1/2020,2447.6,na,58.48,58.19,54.42,55.7,54.11,52.39,51.42,50.56,49.98,50.1,49.17,48.85,47.94,47.25,46.55,43.06,40.22,39.28
7/2/2020,2447.77,na,53.76,53.3,52.85,53.16,50.63,49.89,50.36,50.1,48.66,48.82,47.56,47.4,46.87,46.51,45.95,42.1,40.46,39.46
7/3/2020,2448.02,na,56.38,55.43,53.45,53.32,51.48,49.81,49.65,49.05,48.66,48.51,47.43,47.42,46.77,46.96,45.76,43.98,40.08,39.41
7/4/2020,2448.48,na,55.88,55.97,52.9,54.19,51.99,50.5,50.43,49.25,48.41,48.44,47.6,47.31,47.01,46.56,46.26,42.37,40.12,39.3
7/5/2020,2448.69,na,56.37,54.77,54.11,53.8,52.66,50.28,50.55,50.23,50.13,49.59,48.25,47.99,47.33,47.23,46.19,42.4,40.63,39.33
7/6/2020,2448.9,na,57.31,56.72,55.51,55.72,53.04,52.35,51.42,49.98,49.22,48.7,48.32,48.54,47.38,47.2,46.5,43.04,40.23,39.33
7/7/2020,2448.99,na,57.3,57.37,56.31,54.42,52.19,50.55,50.06,49.74,49.21,48.46,48.16,47.86,47.65,47.61,47.09,44.65,40.86,39.22
7/8/2020,2449,na,54.88,54.94,54.51,54.23,53.03,53.13,53.14,52.1,50.31,49.81,49.08,48.53,47.76,47.26,46.35,42.43,40.2,39.28
7/9/2020,2448.95,na,55.51,55.44,53.85,55.03,53.82,52.98,52.9,52.26,50.07,49.79,49.19,48.41,47.53,46.96,45.79,41.69,40.1,39.31
7/10/2020,2448.92,na,57.15,54.95,54.35,54.9,53.37,52.18,52.12,50.59,49.93,49.31,48.5,47.87,46.78,46.48,44.96,43.22,40.54,39.51
7/11/2020,2448.86,na,55.16,54.29,53.01,54.29,53.09,52.22,50.69,49.83,49.76,49.58,48.29,48.11,47.47,47.3,46.34,43.91,40.61,39.38
7/12/2020,2448.83,na,55.25,54.39,53.44,54.43,53.24,53.1,52.64,51.23,50.22,49.66,48.76,48.72,47.96,47.81,46.88,43.01,40.34,39.47
7/13/2020,2448.92,na,55.33,54.42,53.39,54.69,52.24,52.33,52.31,51.38,50.32,50.12,48.98,48.42,47.98,47.67,47.16,44.22,40.73,39.41
7/14/2020,2449.03,na,56.88,56.09,55.44,55.31,53.16,52.87,53.06,52.17,50.37,49.99,49.64,48.49,47.8,47.43,46.49,43,40.52,39.58
7/15/2020,2449.07,na,58.5,57.34,55.72,55.06,53.54,52.45,52.87,52.01,50.97,49.99,48.85,48.08,47.49,47.22,45.95,43.89,40.31,39.44
7/16/2020,2449.02,na,61.88,58.05,53.95,54.72,52.43,52.54,52.87,52.06,51.99,50.69,49.48,49.11,48.23,47.93,47.03,45.15,40.78,39.53
7/17/2020,2448.96,na,61.65,60.12,54.54,55.09,53.23,53.22,53.46,52.04,50.81,50.67,49,48.56,47.92,47.3,46.71,43.34,40.24,39.42
7/18/2020,2448.99,na,58.38,57.73,56.79,57.78,56.26,54.75,54.12,53.87,53.63,53.26,51.35,50.48,49.62,49.22,47.99,44.37,40.4,39.42
7/19/2020,2449.08,na,59.81,57.68,56.05,55.87,53.43,53.39,53.51,52.93,51.42,50.34,49.18,48.09,47.26,46.94,45.97,43.39,40.57,39.48
7/20/2020,2449.25,na,66.81,61.05,58.85,56.85,54.56,53.98,54.09,53.5,52.82,51.92,49.74,49.26,48.49,47.71,46.73,43.95,40.64,39.33
7/21/2020,2449.5,na,66.97,62.2,58.73,56.21,54.4,54.25,53.89,53.1,51.7,50.96,49.6,49.04,47.68,47.18,45.9,43.41,40.47,39.57
7/22/2020,2449.73,na,63.98,61.24,58.06,57.3,55.11,54.44,54.04,52.63,51.78,50.78,49.82,49.27,47.86,47.59,46.38,43.87,40.76,39.49
7/23/2020,2449.92,na,59.23,58.06,55.93,56.76,54.28,53.69,53.48,52.41,51.75,50.82,49.79,48.91,47.76,46.84,45.34,43.5,40.59,39.54
7/24/2020,2450.13,63.54,58.46,58.18,56.23,56.86,55.12,54.14,53.26,51.92,51.18,50.19,49.06,48.28,47.25,46.08,45.49,43.12,40.55,39.75
7/25/2020,2450.35,61.03,57.26,56.79,55.8,55.42,53.91,53.37,53.12,51.93,51.5,50.25,49.42,48.9,47.9,46.61,45.59,43.73,40.59,39.71
7/26/2020,2450.6,62.77,58.99,56.76,56.2,56.2,54.35,54.29,53.68,52.81,52.24,50.66,49.65,49.22,48.13,46.84,45.44,43.07,40.41,39.78
7/27/2020,2450.79,65.37,65.41,62.23,60.54,59.67,56.78,54.6,53.54,53.31,51.59,51.07,49.91,49.05,47.76,47.01,46.28,43.85,40.88,39.49
7/28/2020,2450.91,70.13,68.96,66.11,61.49,57.85,56.01,54.75,54.29,53.15,52.62,52.03,50.64,49.66,48.99,47.67,46.02,43.67,40.76,39.69
7/29/2020,2450.95,69.87,67.43,64.28,59.32,57.03,54.92,54.78,54.18,53.28,52.4,52.04,50.25,49.73,47.8,47.19,46.05,44.61,40.71,39.48
7/30/2020,2451.04,69.22,65.05,62.04,58.74,58.02,55.37,55.27,54.43,53.28,52.26,51.27,50.11,48.99,47.52,47.2,46.11,43.6,40.29,39.46
7/31/2020,2451.15,70.52,70.75,63.03,59.34,56.99,55.28,54.33,53.97,52.43,51.37,50.49,49.24,48.65,47.47,46.62,45.72,43.8,40.49,39.55
8/1/2020,2451.24,73.49,72.51,65.73,60.91,57.23,54.88,53.75,53.02,52.13,50.79,50.42,48.84,48.12,46.71,45.93,45.06,43.06,40.52,39.49
8/2/2020,2451.29,74.12,71.56,64.15,60.96,58.86,55.24,54.48,54.15,53.37,51.69,51.04,49.45,48.69,47.3,46.71,45.68,44.45,40.74,39.52
8/3/2020,2451.37,72.44,69.39,64.29,60.07,59.19,56.27,54.94,54.69,54.08,52.85,52,49.88,48.6,47.07,46.89,46.28,44.2,40.74,39.71
8/4/2020,2451.43,69.63,63.93,62.59,60.18,58.31,55.81,54.72,54.19,53.23,52.59,51.91,50.14,49.61,48.48,47.86,47.26,45.24,40.76,39.71
8/5/2020,2451.53,69.88,65.41,62.59,59.33,58.68,55.73,54.45,54,52.58,51.32,49.69,48.12,47.49,46.63,45.87,45.02,43.04,40.38,39.65
8/6/2020,2451.59,69.43,66.63,60.63,58.87,59.25,56.01,54.97,54.48,52.98,52.19,51.55,49.64,48.57,47.45,46.95,46.26,44.94,41.31,39.69
8/7/2020,2451.61,68.05,63.81,61.58,59.53,58.46,55.4,54.36,54.15,53.04,52.27,51.54,49.64,48.67,47.1,46.6,46.01,44.61,40.5,39.47
8/8/2020,2451.62,65.16,61.05,60.38,59.83,58.94,56.24,55.51,54.8,53.83,53.15,52.41,51.55,50.17,49.12,48.81,47.59,46.35,41.23,39.89
8/9/2020,2451.61,62.84,63.1,59.81,58.5,57.64,54.64,53.76,52.94,51.55,49.77,49.43,48.36,47.29,46.45,46.25,45.84,44.19,41.05,39.71
8/10/2020,2451.67,64.42,63.8,60.85,59.35,58.47,55.98,55.94,55.02,53.66,52.81,51.67,50.03,49.66,48.75,48.39,47.54,46.3,41.42,39.94
8/11/2020,2451.62,64.41,63.65,60.76,58.81,58.65,56.2,55.07,54.42,53.62,53.15,52.75,51.77,50.55,49.27,48.27,47.18,46.11,41.35,39.72
8/12/2020,2451.58,62.35,60.47,59.45,58.36,57.92,56.04,54.63,54.22,53.23,52.31,52.09,49.82,48.84,48.19,47.52,47.15,44.28,40.89,39.75
8/13/2020,2451.5,60.06,59.61,59.22,58.54,58.57,57.06,55.84,55.22,54.08,53.11,52.83,51.59,50.12,49.12,48.48,47.44,45.11,41.12,39.83
8/14/2020,2451.48,60.79,59.68,59.36,57.74,57.68,55.3,54.49,53.47,52.33,50.91,49.63,48.8,48.58,47.65,47,46.14,43.65,40.76,39.76
8/15/2020,2451.43,61.86,60.12,58.57,58.11,57.76,55.88,54.66,54.73,53.89,52.9,52.61,51.27,50.06,49.07,48.64,48.02,46.12,41.11,39.83
8/16/2020,2451.35,64.76,61.3,59.82,58.44,59.79,58.18,56.04,55.35,53.39,52.52,51.49,49.8,49.3,48.3,47.94,46.7,44.57,41.33,39.88
8/17/2020,2451.28,65.21,63.34,62.52,60.4,61.54,56.86,54.63,53.87,52.9,52.13,51.83,50.82,49.44,48.35,48.11,47.04,44.79,41.51,39.86
8/18/2020,2451.18,67.31,65.82,64.09,62.41,62.36,59.43,56.6,55.74,54.92,53.99,52.83,51.13,50.71,49.23,48.24,46.97,43.63,41.08,39.91
8/19/2020,2451.08,67.95,64.06,63.93,62.92,62.42,59.19,56.44,55.78,53.85,52.79,51.87,50.32,49.31,47.94,47.46,46.48,43.98,40.91,39.81
8/20/2020,2450.99,65.43,63.76,63.77,62.94,62.05,57.52,56.79,55.68,53.8,53.08,51.93,50.28,49.33,48.23,47.44,46.05,43.93,40.82,39.83
8/21/2020,2450.91,65.51,63.65,62.98,61.99,59.63,57.21,55.19,54.38,53.04,51.66,50.51,49.3,48.7,47.53,47.24,46.33,44.47,41.1,39.88
8/22/2020,2450.85,64.06,62.96,62.74,61.98,60.33,57.72,55.56,54.92,53.2,52.33,51.97,50.12,48.83,47.5,47.06,45.99,43.52,40.92,39.82
8/23/2020,2450.75,64.73,64.66,62.43,59.71,59.95,57.01,55.29,54.66,53.31,52.84,51.6,50.22,49.75,48.92,47.77,46.7,45.12,41.85,39.9
8/24/2020,2450.68,65.91,63.56,63.36,61.41,59.91,56.62,55.12,55.02,53.13,51.53,50.25,49.28,48.52,47.34,46.22,45.69,44.36,41.26,39.85
8/25/2020,2450.56,64.94,64.46,63.82,62.23,62.83,60.46,58.25,56.16,54.45,53.03,51.33,49.92,48.84,47.91,47.18,46.18,44.69,40.8,39.78
8/26/2020,2450.45,64.74,64.11,63.77,62.48,63.02,58.63,57.47,56.88,54.76,53.13,52.02,50.65,49.81,48.65,48.03,46.85,44.68,42.09,39.77
8/27/2020,2450.33,65.41,64.71,63.59,62.25,62.44,58.55,57.29,55.28,53.94,52.62,50.7,48.99,47.89,46.77,46.21,45.34,44.09,40.75,39.79
8/28/2020,2450.22,65.24,64.2,63.88,62.36,61.77,58.79,57.07,56.1,54.02,52.58,51.43,49.97,49.26,48.12,47.5,46.54,44.95,41.52,39.83
8/29/2020,2450.09,65.64,64.49,63.98,61.74,62.33,57.63,56.61,54.99,53.61,52.46,51.52,49.9,48.64,47.41,47.08,46.22,44.78,41.02,39.81
8/30/2020,2449.94,na,64.36,64.5,61.74,61.03,58.39,56.63,55.44,54.55,52.95,51.93,50.4,49.8,48.83,48.13,47.28,44.85,41.1,39.75
8/31/2020,2449.81,na,63.21,63.35,61.13,61.63,59.32,57.25,56.88,54.73,53.15,51.88,49.46,48.66,47.54,47.36,46.63,44.66,40.78,39.73
9/1/2020,2449.66,na,63.26,62.79,62.35,62.64,59.69,56.47,54.95,52.76,51.45,50.02,48.79,48.4,47.67,47.36,46.48,44.01,40.84,40.11
9/2/2020,2449.49,na,63.52,63.36,61.78,59.98,55.66,55.68,55.55,54.39,53.59,52.74,51.4,49.93,48.96,48.1,47.13,45.56,41.56,39.89
9/3/2020,2449.36,na,63.04,60.98,60.31,60.95,57.95,56.29,55.76,54.08,52.72,51.74,49.91,49.09,47.87,47.59,46.82,44.86,41.03,39.82
9/4/2020,2449.22,na,63.92,62.29,61.09,61.72,58.91,57.52,56.62,54.24,52.23,51.25,50.21,49.31,48.73,47.88,46.86,44.15,41.3,39.84
9/5/2020,2449.09,na,64.67,63.98,63.2,63.82,60.4,57.47,55.92,54.13,53.06,52.3,50.54,49.8,48.31,47.6,46.6,44.81,41.55,40.09
9/6/2020,2448.92,na,64.39,64.33,62.6,63.13,60.01,57.71,57.53,55.83,54.29,53.31,51.56,50.81,49.07,48.27,47.44,45.06,41.47,39.95
9/7/2020,2448.77,na,64.02,64.18,63.8,65.22,64.04,64.21,64.83,58.64,56.73,54.8,52.24,50.74,48.87,48.5,47.55,45.68,41.1,39.9
9/8/2020,2448.73,na,63.44,63.57,63.18,64.57,63.4,63.03,62.88,58.61,53.95,50.64,47.71,47.2,46.27,45.64,44.96,44.01,41.16,39.83
9/9/2020,2448.52,na,63.14,63.18,62.71,63.66,62.45,62.49,61.77,57.28,53.03,51.97,50.99,49.68,48.59,47.67,46.76,44.94,42.1,40.05
9/10/2020,2448.35,na,63.28,62.98,62.19,63.55,61.75,61.9,60.84,56.23,52.52,51.78,50.57,50.19,48.9,48.06,46.86,45.1,41.57,40.05
9/11/2020,2448.19,na,62.96,62.53,62.12,63.45,61.71,59.54,55.51,52.81,51.69,51.21,49.93,49.26,48.15,47.34,45.82,44,40.76,39.88
9/12/2020,2448.03,na,63.02,62.78,62.01,62.88,61.11,59.5,55.83,52.79,51.17,50.01,48.88,48.06,47.26,46.64,45.86,44.02,41.32,39.87
9/13/2020,2447.86,na,62.35,62.5,61.61,62.37,59.52,58.87,54.51,52,50.76,49.91,48.26,47.77,47.14,46.98,45.97,44.85,41.73,40.02
9/14/2020,2447.62,na,61.74,61.88,60.75,62.12,59.18,54.82,53.13,51.72,50.47,49.7,48.35,47.87,47.14,46.78,46.31,44.93,43.04,40.22
9/15/2020,2447.55,na,61.34,61.48,60.95,61.83,59.01,55.32,53.8,52.56,51.5,50.37,49.25,49.09,48.03,47.64,47.02,45.75,42.32,39.97
9/16/2020,2447.5,na,61.48,61.53,60.94,62.23,59.68,55.09,54.17,52.94,51.91,51.22,50.17,49.81,48.95,48.36,47.78,45.85,41.54,39.98
9/17/2020,2447.43,na,61.61,61.74,61.05,62.42,60.17,58.63,56.79,54.99,53.5,52.45,50.79,50.05,49.18,48.83,47.77,45.72,40.78,39.89
9/18/2020,2447.34,na,61.7,61.83,61.25,62.6,61.31,60.57,60.63,57.37,54.15,52.73,51.14,50.06,48.92,48.37,47.31,45.11,40.96,39.99
9/19/2020,2447.2,na,61.76,61.81,61.22,62.59,61.28,61.24,58.41,55.94,53.51,52.56,50.51,49.43,48.35,47.82,47,44.47,41.42,40.06
9/20/2020,2447.13,na,61.68,61.78,61.1,62.48,61.3,59.86,56.81,54.76,53.42,52.4,50.82,49.87,48.78,47.96,47,45.41,41.59,40.04
9/21/2020,2447.08,na,61.07,61.19,60.77,62.03,58.86,55.28,54.19,52.91,51.9,51.16,50.06,49.06,47.81,47.22,46.53,44.96,42.16,40.22
9/22/2020,2447,na,60.98,61.11,60.74,62.1,58.76,54.86,53.74,52.5,51.46,50.49,49.25,48.81,47.87,47.14,46.4,44.93,42.13,40.18
9/23/2020,2446.9,na,60.95,60.95,60.57,61.86,58.41,55.76,54.24,52.91,51.49,50.61,49.5,49.13,48.25,48.18,47.47,45.82,42.51,40.3
9/24/2020,2446.77,na,60.77,60.92,60.52,59.86,57.21,55.78,54.35,52.89,51.61,51.19,50.05,49.61,48.83,48.54,47.25,45.86,41.32,40.02
9/25/2020,2446.74,na,60.5,60.67,60.32,61.69,59.1,57.52,55.14,53.66,52.42,51.41,50.38,49.86,49.11,48.33,47.49,45.48,41.22,39.95
9/26/2020,2446.72,na,59.99,59.98,58.9,58.9,55.31,53.52,52.85,52.05,51.39,50.76,49.33,48.54,47.18,46.81,46.18,44.51,41.61,40.22
9/27/2020,2446.72,na,59.46,59.37,57.3,58.64,56.88,55.26,54.59,53.16,52.61,51.85,51.2,50.75,49.87,48.99,48.22,46.29,42.71,40.2
9/28/2020,2446.69,na,58.93,58.82,57.66,58.16,56.78,55.45,55.14,53.82,52.76,51.32,49.96,49.15,47.91,47.35,46.58,44.55,41.66,40.07
9/29/2020,2446.61,na,58.74,58.83,58.4,59.61,57.87,56.84,56.17,54.1,52.69,52.04,51.01,49.82,48.56,47.85,47.06,44.96,41.91,40.33
9/30/2020,2446.54,na,58.69,58.77,58.37,59.73,58.49,58.66,57,54.44,52.63,52.06,50.99,50.24,49.61,49.12,47.85,46.08,42.58,40.06
10/1/2020,2446.49,na,58.49,58.60,58.14,59.44,58.36,58.54,59.08,58.96,58.83,55.81,54.57,53.65,51.70,49.25,46.52,42.90,39.21,37.70
10/2/2020,2446.42,na,58.01,58.20,57.81,59.11,58.04,58.23,58.74,57.41,55.84,54.29,52.43,50.71,48.41,45.35,43.55,41.71,39.20,37.98
10/3/2020,2446.33,na,57.83,57.95,57.51,58.77,57.68,57.73,57.80,56.78,55.15,54.00,51.76,48.45,44.80,43.26,42.48,41.11,38.77,37.64
10/4/2020,2446.13,na,57.53,57.66,57.10,58.40,57.32,57.48,57.77,56.75,55.45,53.13,48.54,45.31,43.98,43.53,42.83,41.41,39.02,37.83
10/5/2020,2446.04,na,59.35,59.24,58.85,60.14,58.81,58.59,57.96,55.14,52.92,51.80,50.37,49.75,48.59,47.58,46.85,44.71,41.47,40.15
10/6/2020,2446.01,na,59.14,59.28,58.69,60.01,58.03,56.39,55.58,53.15,52.09,50.60,49.17,48.39,47.49,47.13,46.45,45.32,41.43,40.22
10/7/2020,2445.98,na,59.83,59.09,58.59,59.62,57.91,56.97,56.44,53.98,52.75,51.83,50.41,49.39,48.27,47.39,46.86,45.58,42.28,40.34
10/8/2020,2446.00,na,59.06,59.03,58.51,59.20,57.18,56.13,54.78,53.01,51.82,50.64,48.96,48.28,47.40,47.14,46.42,45.03,41.68,40.18
10/9/2020,2445.98,na,59.24,59.20,58.40,59.28,57.86,56.90,55.88,53.94,52.62,51.58,50.33,49.39,48.27,47.73,47.11,45.75,42.88,40.36
10/10/2020,2446.00,na,58.34,58.49,58.11,58.96,57.63,55.96,54.85,53.07,51.84,51.02,49.52,48.72,47.88,47.29,46.53,45.55,41.71,40.16
10/11/2020,2446.06,na,57.68,57.87,57.50,58.83,56.87,55.76,54.61,53.39,52.57,51.86,50.77,49.85,48.96,48.34,47.37,45.20,41.90,40.26
10/12/2020,2446.13,na,57.35,57.49,56.53,56.69,55.39,55.26,55.25,54.40,52.90,52.20,50.79,49.10,47.48,46.90,46.50,44.73,40.98,40.27
10/13/2020,2446.13,na,56.14,56.28,55.92,56.60,55.00,54.36,53.54,52.83,51.75,50.98,49.41,48.41,47.05,46.97,46.44,45.20,41.21,40.16
10/14/2020,2446.15,na,55.82,55.96,55.60,56.95,55.13,55.09,55.04,53.52,52.41,51.34,49.86,48.85,47.96,47.89,47.39,45.80,42.16,40.34
10/15/2020,2446.22,na,55.12,55.28,54.42,55.19,53.64,53.63,53.82,52.79,52.05,51.56,50.54,49.83,48.62,47.68,47.25,45.21,41.77,40.18
10/16/2020,2446.21,na,54.71,54.89,54.51,55.85,54.75,54.93,55.46,53.33,52.34,51.31,50.31,48.75,48.10,47.41,46.79,44.73,41.68,40.38
10/17/2020,2446.30,na,54.86,55.02,54.64,55.96,54.87,55.04,55.58,55.41,53.13,51.76,49.84,49.37,48.19,47.87,47.03,44.94,41.71,40.32
10/18/2020,2446.33,na,54.62,54.80,54.41,55.74,54.65,54.85,55.39,55.29,55.23,55.39,55.13,55.32,55.09,51.36,49.62,46.09,42.31,40.30
10/19/2020,2446.30,na,54.58,54.72,54.34,55.67,54.58,54.76,55.29,55.19,55.14,55.30,55.04,51.34,48.44,47.62,46.34,44.41,41.42,40.25
10/20/2020,2446.30,na,54.55,54.70,54.30,55.54,54.45,54.62,55.16,55.04,54.98,54.90,50.24,49.84,49.14,48.06,47.27,45.55,43.02,40.29
10/21/2020,2446.36,na,54.22,54.38,54.01,55.33,54.23,54.43,54.97,54.86,54.81,54.89,51.29,50.99,50.46,49.53,47.90,45.77,42.08,40.34
10/22/2020,2446.38,na,53.95,54.09,53.72,55.03,53.94,54.11,54.64,54.51,54.46,54.62,52.62,51.50,50.52,49.29,47.95,45.63,42.64,40.52
10/23/2020,2446.39,na,53.58,53.75,53.36,54.66,53.57,53.77,54.30,54.15,52.24,52.22,51.16,50.25,48.81,47.57,46.60,44.77,41.46,40.21
10/24/2020,2446.45,na,52.82,53.01,52.67,53.99,52.94,53.14,53.67,53.56,53.52,53.68,53.42,53.65,53.43,53.65,49.70,46.86,42.90,40.26
10/25/2020,2446.32,na,52.50,52.69,52.33,53.65,52.58,52.77,53.27,53.17,53.12,53.28,53.03,53.23,48.49,47.90,46.96,44.63,41.19,40.24
10/26/2020,2446.24,na,52.23,52.37,52.01,53.31,52.22,52.41,52.89,52.74,52.69,52.85,51.57,48.83,47.15,46.98,46.42,44.77,41.89,40.46
10/27/2020,2446.15,na,51.88,52.05,51.67,52.90,51.82,52.01,52.50,52.38,52.15,50.97,49.60,49.46,47.97,47.06,46.24,44.90,42.70,40.67
10/28/2020,2446.10,na,51.66,51.81,51.43,52.68,51.60,51.78,52.27,52.16,52.10,52.27,50.13,49.23,47.49,46.89,46.20,45.20,42.88,40.36
10/29/2020,2446.09,na,51.56,51.58,51.16,52.45,51.38,51.56,52.05,51.92,51.88,52.05,49.47,48.68,47.33,47.07,46.29,45.24,41.98,40.38
10/30/2020,2446.06,na,51.28,51.42,51.02,52.28,51.18,51.35,51.85,51.72,51.66,48.89,47.76,47.28,46.89,47.08,46.77,45.69,42.42,40.35
10/31/2020,2446.06,na,51.20,51.22,50.83,52.11,51.05,51.21,51.70,51.54,49.93,49.11,48.43,48.51,47.68,47.29,46.70,45.53,41.88,40.38
11/1/2020,2446.08,na,51.00,51.05,50.54,51.82,50.75,50.94,51.44,51.32,51.27,48.93,48.26,48.04,47.45,47.30,46.82,45.57,42.36,40.43
11/2/2020,2446.06,na,50.72,50.86,50.45,51.69,50.60,50.77,51.26,51.13,51.07,49.55,48.09,48.12,47.49,47.34,47.00,45.77,42.11,40.53
11/3/2020,2446.01,na,50.47,50.60,50.20,51.48,50.41,50.59,51.08,50.95,50.61,49.11,48.83,48.27,47.62,47.30,46.64,45.59,41.87,40.45
11/4/2020,2446.00,na,50.62,50.49,50.12,51.40,50.34,50.52,51.02,50.90,50.85,49.61,48.79,48.45,47.67,47.28,46.70,45.71,42.31,40.48
11/5/2020,2445.99,na,50.37,50.51,50.13,51.42,50.36,50.54,51.04,49.53,49.04,48.61,47.93,47.48,46.86,46.58,46.26,44.93,41.76,40.49
11/6/2020,2446.26,na,50.19,50.35,49.99,51.29,50.23,50.41,50.90,50.79,50.72,49.62,48.86,48.52,47.70,47.56,46.90,45.77,42.90,40.50
11/7/2020,2446.47,na,50.08,50.23,49.86,51.17,50.11,50.30,50.80,50.68,50.62,50.78,50.53,50.62,49.10,48.81,47.94,46.29,42.85,40.47
11/8/2020,2446.59,na,49.73,49.92,49.56,50.87,49.80,49.98,50.49,50.37,50.32,50.48,50.23,50.47,50.27,50.53,50.45,49.90,43.75,40.50
11/9/2020,2446.40,na,49.54,49.71,49.37,50.66,49.59,49.78,50.27,50.15,50.11,50.29,50.03,50.27,49.98,48.07,46.60,45.63,41.45,40.70
11/10/2020,2446.01,na,49.41,49.57,49.19,50.48,49.41,49.60,50.10,49.97,49.93,50.09,49.80,49.80,47.75,47.32,47.07,45.15,43.23,40.66
11/11/2020,2445.63,na,49.19,49.34,48.98,50.27,49.20,49.38,49.89,49.76,49.71,49.87,49.62,49.82,48.10,47.41,46.25,45.78,44.05,41.11
11/12/2020,2445.18,na,49.06,49.20,48.81,50.10,49.03,49.20,49.68,49.55,49.50,49.66,49.39,49.59,47.92,47.14,46.82,45.59,43.97,40.53
11/13/2020,2444.71,na,48.80,48.94,48.56,49.85,48.78,48.96,49.47,49.34,49.29,49.44,49.16,49.41,49.20,48.04,46.74,46.24,44.11,40.38
11/14/2020,2444.41,na,48.53,48.68,48.30,49.59,48.56,48.74,49.26,49.15,48.52,47.98,47.63,46.92,46.67,46.85,46.66,45.65,42.38,40.47
11/15/2020,2444.19,na,48.38,48.51,48.13,49.42,48.35,48.53,49.03,48.91,48.85,49.02,48.77,47.73,47.06,47.29,47.17,46.21,42.97,40.67
11/16/2020,2443.85,na,48.24,48.38,48.00,49.29,48.23,48.41,48.90,48.77,48.72,48.88,48.63,48.87,48.67,47.81,47.39,46.51,43.18,41.23
11/17/2020,2443.20,na,48.13,48.29,47.91,49.20,48.15,48.35,48.85,48.72,48.66,48.82,48.56,48.80,48.61,47.43,47.11,46.26,43.42,41.53
11/18/2020,2442.51,na,48.09,48.25,47.86,49.15,48.09,48.28,48.77,48.64,48.59,48.75,48.49,48.73,48.53,48.78,47.21,45.99,43.48,41.26
11/19/2020,2441.85,na,47.99,48.15,47.75,49.04,47.97,48.15,48.65,48.51,48.46,48.63,48.37,48.61,48.41,47.35,47.21,46.17,43.58,41.54
11/20/2020,2441.17,na,47.86,48.02,47.64,48.93,47.87,48.05,48.55,48.42,48.36,48.52,48.26,48.35,47.74,47.42,47.27,46.14,44.05,41.44
11/21/2020,2440.58,na,47.73,47.87,47.49,48.77,47.72,47.90,48.40,48.27,48.22,48.38,48.10,48.34,47.50,47.38,47.13,46.24,43.97,40.76
11/22/2020,2440.13,na,47.40,47.67,47.29,48.57,47.53,47.70,48.20,48.07,48.00,48.19,47.93,48.13,47.55,47.78,47.28,46.53,44.04,40.86
11/23/2020,2439.56,na,na,47.45,47.08,48.37,47.33,47.52,48.01,47.88,47.82,47.99,47.74,47.98,47.76,47.65,47.28,46.05,44.40,41.40
11/24/2020,2438.82,na,na,47.35,46.96,48.25,47.19,47.37,47.87,47.74,47.69,47.85,47.60,47.83,47.59,47.37,47.28,46.61,44.60,41.12
11/25/2020,2438.08,na,na,47.22,46.84,48.13,47.07,47.25,47.75,47.63,47.59,47.74,47.49,47.73,47.54,47.79,47.67,46.65,43.72,40.85
11/26/2020,2437.33,na,na,47.09,46.72,48.00,46.94,47.14,47.64,47.51,47.46,47.63,47.37,47.61,47.42,47.67,47.50,46.55,43.84,41.73
11/27/2020,2436.58,na,na,47.00,46.61,47.90,46.84,47.03,47.52,47.38,47.33,47.50,47.24,47.48,47.29,47.50,47.08,45.96,44.56,41.96
11/28/2020,2435.85,na,na,46.91,46.54,47.82,46.76,46.94,47.44,47.30,47.25,47.41,47.16,47.39,47.20,47.42,46.85,46.58,44.99,40.85
11/29/2020,2435.37,na,na,46.70,46.33,47.62,46.56,46.75,47.25,47.11,47.06,47.23,46.98,47.20,47.00,47.24,46.90,46.45,44.19,40.98
11/30/2020,2435.02,na,na,46.51,46.12,47.43,46.38,46.56,47.07,46.95,46.90,47.07,46.82,47.05,46.85,46.81,46.69,46.02,44.18,40.96
12/1/2020,2434.38,na,na,46.36,45.97,47.24,46.18,46.36,46.86,46.72,46.67,46.84,46.58,46.82,46.63,46.66,46.57,46.15,45.05,41.03
12/2/2020,2433.54,na,na,46.03,45.72,47.02,45.98,46.19,46.69,46.55,46.50,46.68,46.42,46.62,46.41,46.68,46.54,45.75,43.86,40.88
12/3/2020,2432.58,na,na,45.92,45.60,46.88,45.82,46.01,46.51,46.36,46.31,46.48,46.22,46.45,46.23,46.42,46.35,46.22,45.22,41.19
12/4/2020,2431.93,na,na,45.72,45.39,46.71,45.65,45.83,46.32,46.19,46.14,46.31,46.05,46.29,46.10,46.35,46.28,46.10,45.30,41.69
12/5/2020,2430.83,na,na,45.60,45.24,46.57,45.52,45.71,46.20,46.07,46.02,46.19,45.92,46.17,45.97,46.23,46.16,46.06,44.85,41.14
12/6/2020,2430.26,na,na,45.43,45.09,46.37,45.34,45.54,46.06,45.92,45.88,46.04,45.79,46.02,45.83,46.08,46.02,45.92,43.33,41.40
12/7/2020,2429.61,na,na,na,44.94,46.23,45.17,45.37,45.86,45.72,45.67,45.84,45.59,45.82,45.64,45.89,45.82,45.61,44.98,41.39
12/8/2020,2428.66,na,na,na,44.84,46.10,45.05,45.23,45.72,45.58,45.54,45.70,45.45,45.69,45.49,45.75,45.69,45.59,44.78,41.58
12/9/2020,2427.72,na,na,na,44.76,46.02,44.98,45.16,45.65,45.50,45.46,45.63,45.37,45.61,45.41,45.67,45.60,45.50,44.71,41.24
12/10/2020,2426.79,na,na,na,44.69,45.98,44.94,45.11,45.60,45.46,45.41,45.58,45.33,45.56,45.37,45.63,45.50,45.25,44.96,41.54
12/11/2020,2425.87,na,na,na,44.49,45.78,44.75,44.95,45.45,45.30,45.25,45.43,45.20,45.44,45.25,45.50,45.44,45.21,45.17,41.36
12/12/2020,2425.09,na,na,na,44.42,45.71,44.67,44.85,45.35,45.20,45.17,45.33,45.07,45.31,45.12,45.37,45.31,45.20,45.24,41.17
12/13/2020,2424.51,na,na,na,44.33,45.61,44.55,44.73,45.24,45.10,45.06,45.23,44.98,45.23,45.03,45.29,45.21,45.10,45.19,41.04
12/14/2020,2423.79,na,na,na,44.26,45.54,44.51,44.69,45.18,45.04,44.99,45.15,44.89,45.13,44.93,45.19,45.12,45.02,44.91,41.53
12/15/2020,2422.75,na,na,na,44.22,45.48,44.42,44.61,45.09,44.95,44.90,45.07,44.81,45.05,44.86,45.11,45.05,44.95,44.81,41.88
12/16/2020,2421.78,na,na,na,44.17,45.43,44.38,44.56,45.05,44.91,44.86,45.03,44.77,45.01,44.82,45.07,45.01,44.90,44.81,41.56
12/17/2020,2420.78,na,na,na,44.09,45.39,44.31,44.50,44.98,44.85,44.82,44.99,44.73,44.97,44.78,45.03,44.97,44.87,44.86,41.66
12/18/2020,2419.78,na,na,na,44.04,45.33,44.27,44.46,44.94,44.80,44.75,44.92,44.66,44.90,44.71,44.96,44.90,44.80,44.87,41.42
12/19/2020,2418.96,na,na,na,na,45.29,44.24,44.42,44.90,44.75,44.70,44.87,44.61,44.85,44.66,44.91,44.84,44.74,44.66,41.60
12/20/2020,2418.38,na,na,na,na,45.22,44.18,44.37,44.85,44.71,44.67,44.84,44.59,44.82,44.63,44.89,44.82,44.72,44.45,41.28
12/21/2020,2417.70,na,na,na,na,45.15,44.12,44.30,44.79,44.63,44.60,44.78,44.53,44.77,44.56,44.68,44.58,44.42,44.22,41.26
12/22/2020,2416.77,na,na,na,na,45.05,44.00,44.19,44.68,44.54,44.48,44.51,44.24,44.46,44.27,44.49,44.36,43.96,44.06,41.91
12/23/2020,2415.82,na,na,na,na,44.71,43.68,43.85,44.35,44.20,44.15,44.32,44.07,44.30,44.08,44.11,43.92,43.80,43.91,41.55
12/24/2020,2414.77,na,na,na,na,44.42,43.42,43.62,44.13,43.99,43.93,44.10,43.83,44.07,43.85,44.03,43.96,43.78,43.89,41.80
12/25/2020,2413.92,na,na,na,na,44.26,43.24,43.45,43.94,43.79,43.75,43.92,43.66,43.90,43.70,43.95,43.89,43.60,43.69,41.59
12/26/2020,2413.36,na,na,na,na,44.16,43.12,43.32,43.81,43.66,43.61,43.79,43.52,43.77,43.58,43.83,43.76,43.66,43.76,42.51
12/27/2020,2412.95,na,na,na,na,44.11,43.06,43.25,43.73,43.58,43.53,43.70,43.44,43.68,43.49,43.74,43.68,43.58,43.69,41.49
12/28/2020,2412.78,na,na,na,na,43.96,42.94,43.11,43.60,43.46,43.41,43.58,43.33,43.56,43.37,43.63,43.56,43.47,43.44,41.42
12/29/2020,2411.68,na,na,na,na,43.85,42.85,43.03,43.51,43.37,43.32,43.49,43.23,43.46,43.28,43.53,43.47,43.37,43.45,41.85
12/30/2020,2411.23,na,na,na,na,43.74,42.73,42.92,43.41,43.26,43.22,43.39,43.12,43.36,43.17,43.43,43.37,43.28,43.41,41.87
12/31/2020,2410.99,na,na,na,na,43.64,42.61,42.81,43.32,43.15,43.10,43.27,43.03,43.28,43.09,43.34,43.28,43.21,43.29,42.41
1/1/2021,2410.87,na,na,na,na,43.61,42.56,42.74,43.22,43.08,43.04,43.21,42.96,43.19,43.00,43.26,43.20,43.11,43.25,42.10
1/2/2021,2410.78,na,na,na,na,43.60,42.55,42.74,43.23,43.07,43.02,43.18,42.93,43.15,42.97,43.22,43.16,43.06,43.09,41.89
1/3/2021,2410.76,na,na,na,na,43.53,42.45,42.65,43.13,42.98,42.94,43.11,42.85,43.08,42.90,43.15,43.09,42.88,42.94,41.85
1/4/2021,2410.78,na,na,na,na,43.49,42.43,42.61,43.09,42.94,42.89,43.06,42.81,43.04,42.86,43.11,43.03,42.84,42.83,42.44
1/5/2021,2410.75,na,na,na,na,43.36,42.36,42.55,43.01,42.86,42.81,42.99,42.72,42.96,42.77,43.02,42.93,42.80,42.86,41.95
1/6/2021,2410.72,na,na,na,na,43.35,42.29,42.46,42.94,42.79,42.74,42.91,42.66,42.89,42.70,42.95,42.89,42.77,42.76,42.25
1/7/2021,2410.70,na,na,na,na,43.36,42.27,42.45,42.93,42.76,42.72,42.89,42.62,42.85,42.66,42.94,42.85,42.65,42.65,41.79
1/8/2021,2410.67,na,na,na,na,43.14,42.12,42.30,42.79,42.66,42.62,42.78,42.52,42.76,42.57,42.83,42.76,42.66,42.57,42.21
1/9/2021,2410.60,na,na,na,na,43.10,42.06,42.25,42.73,42.59,42.55,42.72,42.46,42.72,42.53,42.77,42.71,42.61,42.56,42.22
1/10/2021,2410.52,na,na,na,na,43.10,42.03,42.23,42.71,42.55,42.50,42.67,42.41,42.64,42.46,42.70,42.64,42.54,42.65,42.20
1/11/2021,2410.41,na,na,na,na,43.07,42.00,42.17,42.65,42.50,42.45,42.61,42.37,42.60,42.42,42.66,42.60,42.50,42.60,42.12
1/12/2021,2410.37,na,na,na,na,43.00,41.94,42.11,42.60,42.44,42.40,42.57,42.31,42.55,42.36,42.61,42.55,42.45,42.55,41.43
1/13/2021,2410.30,na,na,na,na,42.93,41.89,42.08,42.57,42.41,42.36,42.53,42.28,42.52,42.34,42.58,42.51,42.28,42.37,41.78
1/14/2021,2410.39,na,na,na,na,42.78,41.73,41.93,42.41,42.26,42.21,42.37,42.10,42.34,42.08,42.30,42.20,42.07,42.13,41.87
1/15/2021,2410.36,na,na,na,na,42.64,41.59,41.78,42.26,42.09,42.04,42.21,41.94,42.18,41.97,42.21,42.15,41.99,42.06,41.71
1/16/2021,2410.31,na,na,na,na,42.53,41.45,41.63,42.11,41.94,41.89,42.06,41.80,42.04,41.85,42.09,41.99,41.86,41.94,41.73
1/17/2021,2410.24,na,na,na,na,42.45,41.37,41.54,42.02,41.87,41.82,41.99,41.73,41.97,41.78,42.02,41.97,41.86,41.95,41.66
1/18/2021,2410.23,na,na,na,na,42.26,41.22,41.40,41.90,41.76,41.72,41.91,41.65,41.88,41.70,41.95,41.88,41.79,41.88,41.63
1/19/2021,2410.13,na,na,na,na,42.33,41.25,41.41,41.88,41.73,41.68,41.85,41.59,41.83,41.64,41.89,41.82,41.72,41.82,41.60
1/20/2021,2410.05,na,na,na,na,42.14,41.08,41.29,41.79,41.63,41.57,41.76,41.51,41.74,41.56,41.81,41.74,41.64,41.75,41.58
1/21/2021,2410.04,na,na,na,na,42.05,41.01,41.20,41.67,41.53,41.49,41.66,41.40,41.63,41.45,41.69,41.63,41.57,41.67,41.38
1/22/2021,2409.94,na,na,na,na,41.89,40.87,41.08,41.57,41.42,41.37,41.54,41.28,41.52,41.33,41.57,41.50,41.40,41.49,41.17
1/23/2021,2409.82,na,na,na,na,41.80,40.76,40.96,41.45,41.29,41.25,41.42,41.16,41.39,41.20,41.45,41.39,41.30,41.40,41.06
1/24/2021,2409.66,na,na,na,na,41.26,40.64,40.82,41.33,41.20,41.15,41.31,41.07,41.30,41.12,41.36,41.30,41.21,41.30,40.99
1/25/2021,2409.26,na,na,na,na,na,40.59,40.77,41.25,41.10,41.07,41.23,40.98,41.21,41.02,41.27,41.21,41.11,41.19,40.87
1/26/2021,2408.65,na,na,na,na,na,40.47,40.65,41.13,40.96,40.92,41.08,40.83,41.06,40.87,41.12,41.06,40.96,41.07,40.79
1/27/2021,2408.13,na,na,na,na,na,40.45,40.63,41.11,40.94,40.90,41.07,40.80,41.04,40.85,41.10,41.04,40.94,41.03,40.72
1/28/2021,2407.85,na,na,na,na,na,40.37,40.56,41.04,40.87,40.83,41.00,40.74,40.97,40.78,41.03,40.97,40.87,40.98,40.70
1/29/2021,2407.71,na,na,na,na,na,40.43,40.60,41.07,40.90,40.84,41.01,40.76,40.98,40.80,41.04,40.98,40.87,40.97,40.69
1/30/2021,2407.63,na,na,na,na,na,40.32,40.52,41.00,40.84,40.79,40.96,40.71,40.93,40.75,41.00,40.93,40.82,40.93,40.65
1/31/2021,2407.57,na,na,na,na,na,40.32,40.50,40.96,40.78,40.74,40.91,40.65,40.88,40.69,40.94,40.88,40.78,40.88,40.60
2/1/2021,2407.49,na,na,na,na,na,40.30,40.43,40.91,40.75,40.71,40.87,40.62,40.85,40.67,40.92,40.86,40.76,40.86,40.58
2/2/2021,2407.40,na,na,na,na,na,40.32,40.46,40.92,40.76,40.70,40.87,40.61,40.85,40.66,40.91,40.84,40.75,40.85,40.57
2/3/2021,2407.35,na,na,na,na,na,40.23,40.39,40.88,40.71,40.67,40.84,40.58,40.82,40.63,40.87,40.81,40.72,40.83,40.54
2/4/2021,2407.29,na,na,na,na,na,40.14,40.32,40.82,40.65,40.61,40.78,40.52,40.76,40.57,40.82,40.76,40.66,40.77,40.48
2/5/2021,2407.23,na,na,na,na,na,40.21,40.38,40.85,40.69,40.63,40.79,40.53,40.77,40.56,40.79,40.70,40.60,40.67,40.39
2/6/2021,2407.17,na,na,na,na,na,40.12,40.27,40.76,40.61,40.58,40.74,40.48,40.71,40.51,40.75,40.69,40.58,40.69,40.41
2/7/2021,2407.16,na,na,na,na,na,39.91,40.12,40.61,40.48,40.42,40.61,40.36,40.59,40.40,40.66,40.60,40.50,40.59,40.29
2/8/2021,2407.04,na,na,na,na,na,39.85,40.02,40.57,40.39,40.33,40.50,40.23,40.49,40.32,40.57,40.50,40.41,40.51,40.22
2/9/2021,2406.96,na,na,na,na,na,39.63,39.86,40.36,40.19,40.15,40.32,40.06,40.27,40.09,40.31,40.24,40.13,40.22,39.91
2/10/2021,2406.83,na,na,na,na,na,39.42,39.61,40.17,40.02,39.97,40.17,39.91,40.16,39.97,40.21,40.14,40.04,40.10,39.78
2/11/2021,2406.68,na,na,na,na,na,39.13,39.33,39.84,39.69,39.64,39.79,39.54,39.78,39.58,39.85,39.79,39.69,39.81,39.49
2/12/2021,2406.30,na,na,na,na,na,38.94,39.19,39.71,39.57,39.51,39.70,39.44,39.71,39.53,39.80,39.75,39.65,39.75,39.47
2/13/2021,2405.90,na,na,na,na,na,38.95,39.15,39.63,39.47,39.41,39.60,39.34,39.59,39.41,39.67,39.60,39.50,39.61,39.33
2/14/2021,2405.48,na,na,na,na,na,38.86,39.06,39.54,39.37,39.32,39.47,39.24,39.46,39.28,39.55,39.48,39.41,39.47,39.17
2/15/2021,2405.15,na,na,na,na,na,38.67,38.89,39.40,39.23,39.17,39.37,39.16,39.40,39.22,39.45,39.39,39.29,39.39,39.11
2/16/2021,2404.85,na,na,na,na,na,38.68,38.85,39.37,39.20,39.15,39.31,39.05,39.28,39.11,39.35,39.29,39.18,39.30,38.98
2/17/2021,2404.66,na,na,na,na,na,38.78,38.96,39.44,39.27,39.23,39.40,39.13,39.37,39.18,39.43,39.37,39.24,39.30,39.01
2/18/2021,2404.51,na,na,na,na,na,38.61,38.82,39.30,39.13,39.09,39.22,38.97,39.20,39.02,39.26,39.19,39.11,39.22,38.93
2/19/2021,2404.35,na,na,na,na,na,38.53,38.72,39.24,39.06,39.01,39.18,38.92,39.16,38.97,39.22,39.16,39.06,39.18,38.89
2/20/2021,2404.19,na,na,na,na,na,38.54,38.72,39.21,39.02,38.98,39.16,38.91,39.14,38.95,39.21,39.15,39.05,39.13,38.81
2/21/2021,2404.02,na,na,na,na,na,38.48,38.64,39.12,38.96,38.92,39.09,38.83,39.07,38.89,39.13,39.07,38.97,39.07,38.79
2/22/2021,2403.88,na,na,na,na,na,38.64,38.80,39.28,39.09,39.04,39.20,38.94,39.17,38.96,39.21,39.11,38.96,39.02,38.76
2/23/2021,2403.86,na,na,na,na,na,38.41,38.58,39.07,38.90,38.86,39.02,38.77,39.00,38.80,39.04,38.98,38.88,38.96,38.68
2/24/2021,2403.81,na,na,na,na,na,38.32,38.48,38.99,38.86,38.83,39.00,38.74,38.97,38.79,39.05,38.99,38.88,38.99,38.66
2/25/2021,2403.71,na,na,na,na,na,38.31,38.46,38.95,38.79,38.74,38.90,38.62,38.85,38.66,38.91,38.84,38.75,38.85,38.57
2/26/2021,2403.61,na,na,na,na,na,38.63,38.74,39.21,39.04,38.99,39.15,38.87,38.99,38.77,39.01,38.95,38.82,38.89,38.61
2/27/2021,2403.54,na,na,na,na,na,38.30,38.44,38.95,38.77,38.72,38.89,38.63,38.86,38.67,38.90,38.85,38.74,38.91,38.64
2/28/2021,2403.45,na,na,na,na,na,38.14,38.32,38.80,38.59,38.53,38.70,38.43,38.65,38.47,38.71,38.67,38.57,38.84,38.57
3/1/2021,2403.33,na,na,na,na,na,38.35,38.37,38.78,38.58,38.54,38.71,38.46,38.69,38.50,38.74,38.68,38.59,38.69,38.42
3/2/2021,2403.24,na,na,na,na,na,38.25,38.26,38.76,38.59,38.54,38.71,38.45,38.69,38.50,38.75,38.69,38.60,38.70,38.42
3/3/2021,2403.17,na,na,na,na,na,38.28,38.44,38.90,38.59,38.51,38.66,38.50,38.71,38.53,38.80,38.73,38.61,38.71,38.45
3/4/2021,2403.11,na,na,na,na,na,38.78,38.97,39.15,38.76,38.68,38.84,38.55,38.76,38.56,38.79,38.72,38.61,38.78,38.43
3/5/2021,2403.01,na,na,na,na,na,39.02,39.13,39.28,39.11,38.88,38.87,38.69,38.81,38.61,38.83,38.78,38.68,38.81,38.53
3/6/2021,2402.90,na,na,na,na,na,38.78,38.93,39.41,38.88,38.76,38.88,38.57,38.78,38.57,38.87,38.82,38.67,38.78,38.53
3/7/2021,2402.82,na,na,na,na,na,38.55,38.69,39.09,38.79,38.72,38.89,38.63,38.86,38.67,38.91,38.85,38.76,38.85,38.52
3/8/2021,2402.76,na,na,na,na,na,38.65,38.75,39.21,39.03,39.01,38.88,38.59,38.83,38.65,38.90,38.84,38.74,38.85,38.58
3/9/2021,2402.68,na,na,na,na,na,37.98,38.15,38.68,38.51,38.56,38.74,38.51,38.75,38.58,38.83,38.76,38.66,38.78,38.45
3/10/2021,2402.57,na,na,na,na,na,38.56,38.84,38.94,38.65,38.60,38.76,38.51,38.80,38.61,38.87,38.81,38.70,38.83,38.55
3/11/2021,2402.48,na,na,na,na,na,38.54,38.73,39.16,38.86,38.50,38.67,38.37,38.63,38.43,38.66,38.59,38.50,38.55,38.36
3/12/2021,2402.38,na,na,na,na,na,38.42,38.61,39.08,38.56,38.45,38.59,38.34,38.57,38.44,38.68,38.54,38.44,38.62,38.24
3/13/2021,2402.30,na,na,na,na,na,38.54,38.73,39.20,39.02,38.62,38.60,38.35,38.62,38.43,38.68,38.62,38.52,38.58,38.23
3/14/2021,2402.18,na,na,na,na,na,39.37,38.93,39.08,38.83,38.75,38.79,38.42,38.63,38.42,38.65,38.56,38.44,38.58,38.28
3/15/2021,2402.09,na,na,na,na,na,40.53,40.68,40.03,38.99,38.74,38.84,38.55,38.75,38.52,38.73,38.62,38.48,38.58,38.26
3/16/2021,2402.02,na,na,na,na,na,40.63,40.53,40.25,39.52,39.22,39.00,38.62,38.87,38.67,38.86,38.80,38.72,38.61,38.29
3/17/2021,2401.95,na,na,na,na,na,38.84,38.99,39.51,39.38,38.73,38.88,38.60,38.85,38.67,38.89,38.78,38.56,38.66,38.36
3/18/2021,2401.88,na,na,na,na,na,39.68,39.84,40.34,40.17,40.15,40.30,38.90,38.82,38.63,38.71,38.65,38.54,38.65,38.37
3/19/2021,2401.81,na,na,na,na,na,39.77,39.13,39.43,39.28,39.26,39.37,38.82,38.77,38.59,38.84,38.76,38.67,38.64,38.35
3/20/2021,2401.76,na,na,na,na,na,39.11,38.77,39.27,39.01,38.57,38.65,38.41,38.58,38.39,38.63,38.58,38.47,38.58,38.30
3/21/2021,2401.70,na,na,na,na,na,38.28,38.42,38.92,38.75,38.69,38.86,38.61,38.78,38.43,38.66,38.60,38.46,38.55,38.28
3/22/2021,2401.67,na,na,na,na,na,38.34,38.46,38.94,38.75,38.66,38.81,38.59,38.83,38.43,38.67,38.56,38.45,38.57,38.17
3/23/2021,2401.66,na,na,na,na,na,38.92,38.97,39.33,38.83,38.75,38.92,38.65,38.88,38.69,38.80,38.69,38.45,38.50,37.94
3/24/2021,2401.57,na,na,na,na,na,38.61,38.67,39.10,38.94,38.83,38.94,38.70,38.86,38.45,38.54,38.50,38.25,38.02,37.42
3/25/2021,2401.53,na,na,na,na,na,38.44,38.50,38.79,38.61,38.48,38.55,38.28,38.61,38.22,38.49,38.36,38.15,37.61,37.14
3/26/2021,2401.46,na,na,na,na,na,38.58,38.73,39.21,38.99,38.95,39.10,38.82,38.74,38.26,38.52,38.21,37.82,37.39,37.23
3/27/2021,2401.38,na,na,na,na,na,38.73,38.83,39.27,39.09,39.02,39.26,38.67,38.30,38.06,38.31,38.23,37.85,36.92,36.62
3/28/2021,2401.28,na,na,na,na,na,38.05,38.22,38.72,38.53,38.48,38.65,38.38,38.60,38.41,38.66,38.58,37.30,36.89,36.53
3/29/2021,2401.28,na,na,na,na,na,36.48,36.66,37.16,36.97,36.90,37.07,36.85,37.09,36.91,37.15,37.07,36.59,36.68,36.34
3/30/2021,2401.26,na,na,na,na,na,36.33,36.51,37.00,36.85,36.86,37.03,36.78,37.02,36.92,37.17,37.12,36.61,36.58,36.22
3/31/2021,2401.24,na,na,na,na,na,37.28,37.44,37.92,37.76,37.72,37.87,37.54,37.76,37.44,37.63,37.25,37.09,36.69,36.36
4/1/2021,2401.17,na,na,na,na,na,37.23,37.32,37.82,37.67,37.63,37.79,37.54,37.78,37.59,37.56,37.45,37.30,37.03,36.39
4/2/2021,2401.11,na,na,na,na,na,38.00,38.15,38.67,38.41,38.25,38.46,38.21,38.42,38.25,38.47,38.35,38.08,37.39,36.36
4/3/2021,2401.08,na,na,na,na,na,37.18,37.39,38.16,37.93,37.86,38.03,37.65,37.79,37.53,37.77,37.67,37.10,36.80,36.40
4/4/2021,2401.05,na,na,na,na,na,38.06,38.14,38.60,38.44,38.38,38.53,38.26,38.54,38.02,38.16,37.93,37.07,36.70,36.36
4/5/2021,2401.03,na,na,na,na,na,38.89,39.23,39.56,39.26,39.10,39.04,38.74,38.20,37.79,37.95,37.88,37.76,37.03,36.37
4/6/2021,2401.02,na,na,na,na,na,39.02,39.13,39.60,39.42,38.47,38.63,38.39,38.60,38.39,38.59,38.23,37.98,37.33,36.41
4/7/2021,2401.02,na,na,na,na,na,39.61,39.68,40.25,40.01,39.92,40.11,38.28,38.48,38.29,38.06,37.99,37.77,37.13,36.38
4/8/2021,2401.03,na,na,na,na,na,37.71,37.86,38.36,38.12,38.05,37.94,37.63,37.77,37.49,37.22,37.08,36.89,36.71,36.42
4/9/2021,2401.11,na,na,na,na,na,37.49,37.84,38.35,38.09,37.96,38.12,37.64,37.89,37.67,37.92,37.86,37.49,36.77,36.44
4/10/2021,2401.14,na,na,na,na,na,na,na,na,na,na,na,na,na,na,na,na,na,na,na
4/11/2021,2401.22,na,na,na,na,na,37.27,37.39,37.87,37.68,37.63,37.81,37.54,37.78,37.58,37.84,37.61,37.49,37.51,36.48
4/12/2021,2401.26,na,na,na,na,na,37.74,37.90,38.39,38.22,38.18,38.33,38.08,38.30,38.08,38.34,38.28,38.03,37.10,36.55
4/13/2021,2401.27,na,na,na,na,na,37.53,37.69,38.18,38.01,37.95,38.10,37.85,38.10,37.92,38.17,38.13,38.01,38.15,37.87
4/14/2021,2401.24,na,na,na,na,na,38.98,39.00,39.31,38.98,39.10,38.79,38.35,38.65,38.41,38.62,38.54,38.36,38.33,38.03
4/15/2021,2401.21,na,na,na,na,na,38.99,39.13,39.61,39.45,39.40,39.54,39.28,39.53,39.28,39.53,39.49,39.40,38.99,38.17
4/16/2021,2401.19,na,na,na,na,na,40.35,40.46,40.78,40.56,39.67,39.78,39.52,39.75,39.55,39.79,39.72,39.46,38.96,38.41
4/17/2021,2401.19,na,na,na,na,na,42.31,42.36,42.63,41.44,40.96,40.49,40.14,40.11,39.85,40.05,39.78,39.42,39.18,37.93
4/18/2021,2401.30,na,na,na,na,na,43.84,40.76,40.61,40.28,40.20,40.22,39.89,40.04,39.84,39.93,39.78,39.30,38.79,38.12
4/19/2021,2401.42,na,na,na,na,na,41.13,40.54,40.92,40.75,40.68,40.81,40.55,40.78,40.59,40.82,40.76,40.65,39.53,38.59
4/20/2021,2401.57,na,na,na,na,na,41.66,41.50,40.92,40.72,40.66,40.79,40.50,40.73,40.39,40.62,40.56,40.34,39.72,38.28
4/21/2021,2401.70,na,na,na,na,na,44.41,40.98,41.01,40.69,40.58,40.71,40.40,40.57,40.20,40.32,40.22,40.08,39.49,38.49
4/22/2021,2401.93,na,na,na,na,na,40.41,40.54,41.01,40.84,40.79,40.92,40.36,40.55,40.25,40.45,40.35,40.00,38.68,38.23
4/23/2021,2402.15,na,na,na,na,na,41.63,41.68,42.17,41.59,41.45,41.60,41.34,40.55,40.33,40.46,39.89,38.84,38.57,38.25
4/24/2021,2402.38,na,na,na,na,na,42.82,42.88,43.31,42.74,42.38,42.20,41.43,41.46,40.61,40.73,40.57,40.24,39.02,38.03
4/25/2021,2402.60,na,na,na,na,na,42.75,42.87,43.13,42.50,42.22,42.37,42.05,42.28,42.08,42.30,42.17,41.74,38.55,38.00
4/26/2021,2402.79,na,na,na,na,na,42.39,41.97,42.43,42.09,42.00,42.09,41.75,41.66,41.37,41.51,40.89,40.26,39.49,38.26
4/27/2021,2402.99,na,na,na,na,na,43.39,41.85,42.25,42.04,41.98,41.95,41.60,41.80,41.59,41.62,41.28,40.28,38.55,38.01
4/28/2021,2403.16,na,na,na,na,na,43.76,41.90,42.16,41.73,41.37,41.33,40.80,40.68,39.97,40.04,39.97,39.29,38.46,37.96
4/29/2021,2403.38,na,na,na,na,na,45.94,42.48,42.18,41.77,41.56,41.36,40.87,40.76,40.16,40.24,40.03,38.71,38.40,37.87
4/30/2021,2403.70,na,na,na,na,na,45.15,45.30,42.66,41.86,41.35,41.25,40.62,40.59,39.78,39.98,39.50,38.72,38.50,37.95
5/1/2021,2404.07,na,na,na,na,na,46.17,42.11,41.17,40.66,40.34,40.16,39.85,39.51,38.92,39.16,39.11,38.94,38.56,38.03
5/2/2021,2404.41,na,na,na,na,na,43.40,40.96,40.91,40.41,40.01,40.14,39.78,40.03,39.68,39.40,39.33,39.16,38.69,38.18
5/3/2021,2404.66,na,na,na,na,na,42.84,40.08,40.18,39.82,39.67,39.76,39.48,39.64,39.17,39.27,39.12,38.83,38.81,38.00
5/4/2021,2404.87,na,na,na,na,na,40.75,39.66,39.56,39.33,39.26,39.43,39.18,39.41,39.21,39.31,39.21,38.63,38.42,37.98
5/5/2021,2405.12,na,na,na,na,na,41.85,41.99,42.28,41.73,40.46,39.74,39.27,39.44,39.21,38.81,38.66,38.47,38.31,37.96
5/6/2021,2405.36,na,na,na,na,na,44.34,44.48,44.98,44.80,44.52,41.56,41.27,41.23,40.14,39.69,39.58,38.90,38.85,38.34
5/7/2021,2405.63,na,na,na,na,na,46.35,46.02,45.68,42.61,42.37,41.32,40.46,40.57,40.10,40.15,39.87,39.54,39.09,38.27
5/8/2021,2406.13,na,na,na,na,na,45.00,43.32,43.68,42.84,41.96,41.38,40.89,39.88,39.35,39.58,39.34,38.65,38.41,37.95
5/9/2021,2406.77,na,na,na,na,na,41.23,41.36,40.69,40.01,39.83,39.99,39.67,39.53,39.14,39.25,38.77,38.51,38.63,38.14
5/10/2021,2407.30,na,na,na,na,na,44.25,44.40,44.86,44.30,43.36,42.43,41.98,42.15,41.82,41.86,41.22,39.14,38.19,37.92
5/11/2021,2407.72,na,na,na,na,na,45.68,43.82,43.67,42.71,42.54,42.37,41.34,40.71,40.43,40.22,39.87,39.40,38.60,38.05
5/12/2021,2408.06,na,na,na,na,na,46.75,46.84,47.23,47.03,45.69,43.50,41.93,40.73,39.96,39.68,39.22,38.70,38.31,37.94
5/13/2021,2408.36,na,na,na,na,na,49.27,49.32,49.41,45.77,42.90,42.54,41.37,40.67,40.29,40.11,39.75,38.49,38.29,37.87
5/14/2021,2408.17,na,na,na,na,na,50.86,50.32,47.84,47.03,45.50,42.73,40.61,39.41,39.13,39.35,39.31,38.52,38.33,38.12
5/15/2021,2407.73,na,na,na,na,na,52.23,52.30,49.05,48.12,47.99,46.39,44.81,41.01,40.73,40.18,39.71,39.68,39.65,38.23
5/16/2021,2407.49,na,na,na,na,na,54.34,50.24,50.55,48.58,46.87,42.33,40.63,40.82,40.58,39.72,39.68,39.50,38.70,38.37
5/17/2021,2407.50,na,na,na,na,na,49.08,47.87,46.43,45.03,44.95,44.92,42.13,42.29,41.10,41.15,41.04,39.35,38.58,38.31
5/18/2021,2408.01,na,na,na,na,na,42.96,43.05,41.45,41.26,41.16,41.29,41.00,41.21,39.82,40.04,39.83,38.56,38.59,38.24
5/19/2021,2408.95,na,na,na,na,na,44.18,44.29,42.89,40.39,40.35,40.48,39.36,39.57,39.36,39.53,38.86,38.71,38.88,38.49
5/20/2021,2409.61,na,na,na,na,na,45.88,46.05,46.59,46.45,46.39,46.20,43.87,43.40,42.30,40.64,40.67,40.06,39.63,38.43
5/21/2021,2409.81,na,na,na,na,na,47.16,47.32,47.86,47.60,47.32,46.92,46.65,46.88,46.67,46.92,45.92,43.16,40.90,38.93
5/22/2021,2409.72,na,na,na,na,na,49.44,48.46,48.53,47.94,47.81,47.93,47.65,47.61,47.17,47.38,46.22,42.36,38.78,38.46
5/23/2021,2409.49,na,na,na,na,na,50.26,47.89,48.38,48.17,48.10,48.17,47.39,46.94,46.39,46.56,41.63,39.20,38.78,38.34
5/24/2021,2409.26,na,na,na,na,na,47.86,47.86,48.34,48.14,48.06,48.20,47.11,47.04,45.18,41.33,40.58,40.26,39.45,38.47
5/25/2021,2409.34,na,na,na,na,na,49.97,49.59,48.80,48.59,47.97,48.09,47.32,46.03,41.88,41.96,40.57,39.43,38.83,38.52
5/26/2021,2409.82,na,na,na,na,na,50.36,49.83,49.62,48.76,47.68,47.79,47.25,43.89,42.29,40.58,40.40,39.92,39.07,38.64
5/27/2021,2410.47,na,na,na,na,54.42,53.27,49.72,49.13,48.77,47.71,47.25,43.75,42.94,41.63,41.71,40.30,40.15,39.50,38.52
5/28/2021,2411.21,na,na,na,na,49.47,48.28,47.24,46.29,45.94,44.81,44.46,43.99,41.78,41.52,40.58,40.47,40.10,39.02,38.69
5/29/2021,2412.09,na,na,na,na,50.75,47.79,47.88,47.46,47.24,46.38,46.10,45.82,43.63,42.59,42.75,41.72,40.42,39.76,39.02
5/30/2021,2412.76,na,na,na,na,55.10,49.12,47.21,47.73,47.39,47.30,47.35,46.05,46.25,45.01,44.93,43.25,41.06,40.44,38.48
5/31/2021,2413.39,na,na,na,na,51.60,47.99,47.12,47.45,46.81,46.75,46.49,45.57,45.10,44.29,43.94,43.32,40.77,39.91,39.13
6/1/2021,2414.32,na,na,na,na,56.86,50.12,48.35,48.64,48.20,47.37,47.05,46.48,45.80,44.94,44.36,43.10,41.51,40.26,38.93
6/2/2021,2415.75,na,na,na,na,60.57,52.24,50.81,50.11,48.96,48.77,48.42,47.42,47.32,46.78,45.81,44.86,41.57,40.12,38.80
6/3/2021,2417.75,na,na,na,na,52.27,50.27,50.12,50.06,49.81,49.31,48.34,47.39,47.44,45.93,45.27,43.68,41.51,39.69,38.66
6/4/2021,2420.31,na,na,na,61.12,51.66,49.89,49.49,50.03,49.59,48.65,47.87,47.03,46.58,44.91,44.32,42.86,40.82,39.39,38.68
6/5/2021,2423.06,na,na,na,52.21,50.78,49.15,48.99,48.66,47.90,47.14,46.62,45.76,45.36,43.37,43.13,42.08,40.84,39.21,38.86
6/6/2021,2425.65,na,na,na,49.53,49.83,48.17,48.05,48.04,47.51,47.22,46.98,45.79,45.18,44.14,44.28,42.48,41.35,39.92,38.83
6/7/2021,2427.65,na,na,na,49.45,49.48,48.34,48.45,48.70,48.48,48.32,48.28,47.48,46.97,46.37,45.55,44.97,42.34,39.66,38.96
6/8/2021,2429.06,na,na,na,51.04,52.29,50.57,49.02,49.15,48.54,48.33,48.13,47.43,47.34,46.84,46.49,45.87,41.70,40.01,38.94
6/9/2021,2430.11,na,na,na,52.24,53.11,51.70,51.78,52.04,51.91,50.95,49.29,48.80,48.73,48.32,48.05,47.29,42.80,40.60,38.93
6/10/2021,2430.94,na,na,54.74,53.45,54.52,53.10,53.14,53.46,52.72,52.06,51.78,49.52,48.53,46.16,44.06,41.68,40.69,39.74,38.92
6/11/2021,2431.70,na,na,56.69,53.84,54.78,53.59,52.78,52.71,51.81,49.59,48.51,47.15,47.27,46.81,45.48,44.20,41.52,40.20,39.54
6/12/2021,2432.39,na,na,56.59,55.07,55.24,53.93,53.79,53.84,52.40,49.77,48.98,47.99,47.93,46.27,45.67,45.22,44.23,40.22,39.28
6/13/2021,2433.03,na,na,59.65,58.51,55.84,53.55,53.41,52.46,50.65,49.08,48.93,48.27,48.11,46.79,46.66,44.86,43.85,39.80,39.18
6/14/2021,2433.63,na,na,63.73,61.10,54.87,53.55,53.20,52.49,50.79,49.50,48.92,48.23,47.99,47.28,46.74,45.43,43.21,40.32,39.06
6/15/2021,2434.42,na,na,64.09,57.85,54.88,53.01,52.72,52.64,51.73,50.74,50.07,48.98,48.33,47.69,46.27,46.08,42.65,40.56,39.09
6/16/2021,2435.76,na,na,55.28,52.84,53.69,51.81,51.62,51.90,51.49,50.82,49.47,48.66,48.39,47.23,46.99,44.82,43.71,40.41,39.47
6/17/2021,2437.22,na,na,54.36,52.93,53.77,52.16,51.86,51.52,50.39,49.29,48.76,47.84,46.86,45.77,45.34,44.43,40.94,39.95,39.24
6/18/2021,2438.47,na,na,59.35,52.72,53.42,51.67,51.29,49.76,48.91,48.22,47.55,46.95,46.79,46.37,46.20,45.32,43.11,40.24,39.20
6/19/2021,2439.43,na,na,53.88,52.38,53.14,51.39,50.23,50.79,50.39,49.89,48.98,48.27,48.00,47.10,46.55,44.81,42.19,40.09,39.35
6/20/2021,2440.34,na,61.44,58.09,52.57,53.29,52.01,51.98,51.99,50.86,50.78,50.68,49.83,49.35,48.36,47.69,46.07,42.38,40.32,38.99
6/21/2021,2441.21,na,64.29,59.67,58.39,59.33,55.86,53.08,52.77,51.74,50.79,49.65,48.85,46.68,46.00,42.65,42.20,40.70,39.90,39.35
6/22/2021,2442.04,na,64.67,59.40,57.81,56.57,52.10,51.22,51.16,50.72,50.62,49.87,48.74,48.60,47.85,47.60,47.10,45.32,40.85,39.18
6/23/2021,2442.92,na,63.45,57.88,56.20,54.77,52.90,52.09,51.85,50.51,50.33,49.43,48.89,48.66,47.96,47.78,46.84,44.22,40.67,39.45
6/24/2021,2443.92,na,60.99,60.93,54.18,55.10,53.17,52.09,52.29,51.70,51.22,50.90,49.42,48.75,47.50,46.10,44.93,41.02,39.87,39.14
6/25/2021,2444.93,na,61.25,60.36,55.07,55.23,52.83,52.45,51.97,51.40,50.68,49.83,48.78,48.08,47.55,46.99,46.22,43.77,40.32,39.02
6/26/2021,2445.78,na,69.75,61.00,55.09,55.56,53.46,52.54,52.45,51.42,50.36,49.07,48.00,47.43,46.31,45.95,45.03,42.74,40.20,39.16
6/27/2021,2446.56,na,73.04,60.50,54.79,54.79,53.30,52.42,52.27,51.51,50.81,50.08,48.83,48.65,47.80,47.28,46.20,43.60,40.39,39.09
6/28/2021,2447.32,na,67.15,62.01,54.25,55.09,53.82,53.23,53.04,52.51,51.60,50.77,50.17,49.34,48.50,47.94,47.29,43.42,40.34,39.18
6/29/2021,2448.12,na,65.67,61.81,55.12,55.20,53.63,53.10,53.19,52.50,52.01,51.38,50.21,49.36,48.32,47.78,46.94,42.62,40.30,39.00
6/30/2021,2448.88,na,65.25,60.11,57.43,55.27,53.24,53.29,53.21,52.67,51.96,50.81,49.70,48.57,46.92,45.67,43.20,41.32,39.71,39.03
7/1/2021,2449.56,na,65.24,60.07,56.98,57.30,54.40,53.41,53.28,52.62,51.44,50.22,48.64,48.29,47.21,46.37,45.19,42.02,40.04,39.11
7/2/2021,2450.15,na,63.43,60.80,56.80,56.89,54.00,52.90,52.77,51.83,50.97,50.09,48.62,48.50,47.87,47.50,46.38,43.77,40.67,39.24
7/3/2021,2450.71,68.86,61.46,57.79,56.83,57.13,53.91,53.30,52.77,51.68,50.63,50.25,49.19,48.78,48.02,47.75,46.93,43.81,40.30,39.27
7/4/2021,2451.17,71.15,60.45,57.78,56.86,56.94,53.76,53.12,53.12,51.95,50.88,50.37,49.34,48.63,47.54,46.37,45.08,41.69,39.90,39.15
7/5/2021,2451.58,70.40,59.44,58.23,56.71,57.16,54.62,53.94,53.24,52.02,50.76,50.52,49.71,48.89,47.96,46.97,44.91,41.66,40.09,39.14
7/6/2021,2452.20,69.72,69.97,61.56,60.33,60.42,57.53,56.49,55.52,53.37,52.30,51.65,50.12,49.29,48.14,47.46,46.77,44.43,40.89,39.36
7/7/2021,2452.20,71.54,71.66,69.90,62.36,59.25,55.65,53.55,53.75,53.58,52.83,52.29,50.75,49.64,48.49,47.55,46.82,42.45,40.73,39.37
7/8/2021,2452.46,73.22,71.82,70.86,63.70,59.95,57.33,55.39,54.77,53.60,52.78,52.02,51.14,50.42,48.79,47.90,46.91,43.19,40.22,39.38
7/9/2021,2452.68,73.45,70.42,67.17,66.18,61.01,57.36,55.81,53.98,52.59,50.46,49.72,48.64,48.05,47.13,46.63,45.76,42.71,40.01,39.28
7/10/2021,2452.91,71.62,69.43,67.62,59.78,58.07,54.67,53.37,53.01,51.52,50.64,49.40,48.54,47.47,46.16,45.31,43.88,42.42,40.39,39.18
7/11/2021,2453.10,71.85,67.69,66.22,58.11,57.36,54.36,52.93,52.38,51.15,50.31,49.70,48.98,47.97,47.12,46.33,44.81,42.85,40.64,39.25
7/12/2021,2453.28,70.69,68.89,66.75,57.39,57.53,54.47,53.14,52.77,51.40,50.54,50.04,48.77,48.03,47.05,46.44,45.44,42.98,40.26,39.23
7/13/2021,2453.40,73.29,67.99,65.13,59.51,57.94,55.71,53.28,52.58,52.34,51.33,50.53,49.20,48.40,47.68,46.86,45.63,43.21,40.59,39.06
7/14/2021,2453.48,74.60,69.26,67.84,60.48,57.78,54.57,52.82,52.81,51.81,50.71,50.13,48.73,47.87,46.63,46.13,45.51,43.68,41.11,39.26
7/15/2021,2453.54,73.38,70.24,67.52,58.71,57.52,54.22,54.05,53.57,52.71,51.07,50.29,49.34,48.64,47.96,47.42,46.34,45.22,40.81,39.25
7/16/2021,2453.60,71.99,67.23,63.16,59.40,58.11,54.63,54.60,54.14,53.22,52.48,51.46,49.67,49.07,47.94,47.45,46.32,43.48,39.96,39.11
7/17/2021,2453.68,67.81,65.18,62.21,57.32,57.05,54.66,53.06,52.88,51.87,50.76,49.57,48.10,48.07,47.49,47.18,46.61,44.53,40.28,39.11
7/18/2021,2453.73,69.85,64.74,61.86,57.12,58.05,55.55,53.97,53.78,52.80,50.65,49.55,48.13,47.80,46.81,46.47,45.34,42.82,40.34,39.31
7/19/2021,2453.80,69.26,65.54,62.68,57.98,57.31,54.77,53.17,53.07,51.57,50.68,50.00,48.76,48.27,47.65,47.47,46.35,43.35,40.11,39.31
7/20/2021,2453.78,69.61,69.73,69.76,63.57,60.32,55.25,53.96,53.77,52.63,52.03,51.79,50.65,50.00,48.84,48.46,47.31,43.95,40.63,39.21
7/21/2021,2453.83,69.62,68.87,64.61,60.21,58.57,56.50,54.69,54.48,53.22,52.58,51.46,50.15,49.46,47.98,47.24,46.03,42.11,40.17,39.26
7/22/2021,2453.85,70.13,66.87,61.97,59.48,59.28,56.29,54.84,53.70,52.75,51.16,49.84,48.62,48.34,47.56,47.38,46.69,43.42,40.66,39.44
7/23/2021,2453.87,68.40,62.94,61.54,60.18,59.78,56.18,54.62,53.51,52.51,50.94,50.14,49.20,48.84,47.99,47.73,46.66,43.92,40.58,39.55
7/24/2021,2453.91,66.77,62.47,62.30,60.43,59.76,55.61,53.44,53.18,51.99,51.59,50.71,49.52,49.14,48.37,47.95,46.77,43.87,40.42,39.17
7/25/2021,2453.91,68.72,63.39,62.31,60.25,59.91,55.60,54.38,53.06,51.90,50.75,49.76,48.70,48.25,46.69,44.73,43.20,41.57,40.36,39.37
7/26/2021,2453.89,69.90,66.10,63.29,61.12,60.04,56.97,54.96,53.62,52.62,51.38,50.02,48.75,48.52,47.58,46.57,45.82,42.60,40.91,39.34
7/27/2021,2453.89,67.77,66.89,64.33,60.90,59.98,56.88,54.97,53.24,52.24,51.49,50.85,49.77,49.11,47.69,46.33,45.53,43.18,40.82,39.33
7/28/2021,2453.90,69.98,67.79,64.34,60.20,60.71,57.48,55.01,53.32,52.08,51.28,50.84,49.13,48.72,47.51,46.30,45.44,42.90,40.37,39.25
7/29/2021,2453.89,71.66,66.41,63.04,60.02,59.79,55.64,53.61,53.26,52.04,51.12,50.49,48.90,48.65,47.46,46.52,45.67,43.65,40.81,39.41
7/30/2021,2453.90,70.98,66.89,64.38,61.80,60.69,57.12,55.40,54.25,53.00,52.22,51.27,49.71,48.84,47.75,47.16,46.63,44.72,40.71,39.43
7/31/2021,2453.89,72.47,68.77,66.96,64.52,62.46,57.90,54.69,53.95,53.02,52.29,51.38,49.72,49.38,48.13,47.40,46.69,44.25,40.23,39.46
8/1/2021,2453.84,73.60,73.27,69.29,68.31,66.70,61.69,58.60,56.65,54.13,52.88,51.58,49.94,48.61,46.90,45.55,44.21,41.48,40.19,39.63
8/2/2021,2453.84,73.24,71.51,69.79,68.00,66.43,60.81,56.96,54.80,53.48,52.50,51.09,49.79,49.31,48.39,47.45,46.32,43.53,40.42,39.37
8/3/2021,2453.84,73.45,71.82,69.11,66.59,63.01,58.81,56.18,54.62,53.10,51.86,50.50,49.06,48.16,46.96,45.86,45.27,42.92,40.30,39.44
8/4/2021,2453.85,73.49,70.23,68.34,65.28,61.88,57.60,54.89,53.37,52.43,51.44,49.75,48.72,48.37,47.32,46.86,46.12,44.12,40.54,39.53
8/5/2021,2453.80,73.00,73.04,72.46,69.33,68.94,62.20,58.02,54.73,53.15,52.20,51.14,48.89,48.51,46.81,46.17,45.45,43.09,40.37,39.45
8/6/2021,2453.74,72.64,72.25,71.75,69.14,68.16,58.44,55.60,54.18,52.61,51.62,50.35,48.87,48.55,47.58,46.31,45.87,43.18,40.41,39.55
8/7/2021,2453.71,70.88,68.74,68.23,65.29,62.68,57.02,54.31,53.00,51.68,50.52,49.14,48.15,47.72,47.32,47.03,46.34,44.69,40.97,39.63
8/8/2021,2453.80,71.23,70.96,70.65,66.20,61.20,56.20,54.08,52.51,51.05,50.02,48.97,48.52,48.31,47.46,47.38,46.65,45.12,41.14,39.74
8/9/2021,2453.80,71.03,70.45,68.68,66.30,60.66,56.07,53.42,52.60,50.49,50.09,49.59,48.80,48.58,47.97,47.76,46.60,44.16,40.60,39.49
8/10/2021,2453.74,70.89,70.38,69.89,68.17,64.05,58.94,54.84,53.77,52.08,51.66,51.00,49.69,49.27,48.58,47.98,47.23,43.67,40.43,39.64
8/11/2021,2453.72,70.06,69.94,68.07,62.87,58.80,56.61,56.36,54.86,53.49,51.96,51.21,49.87,49.31,48.51,47.99,47.38,44.86,40.95,39.59
8/12/2021,2453.72,70.87,70.90,70.20,64.74,63.42,58.90,55.69,54.02,52.04,50.67,49.81,48.82,48.54,47.96,47.65,46.94,43.69,40.30,39.45
8/13/2021,2453.67,71.47,71.71,71.84,71.34,68.37,62.68,58.78,56.18,52.69,51.45,50.94,49.80,49.47,48.66,48.25,47.46,44.64,40.55,39.49
8/14/2021,2453.59,71.73,71.72,71.03,70.21,68.58,62.90,58.03,56.11,53.69,52.37,51.77,50.33,49.63,48.46,47.45,46.34,43.19,40.93,39.59
8/15/2021,2453.52,71.54,71.46,70.71,69.11,66.73,59.71,57.59,55.81,53.49,52.47,51.28,50.29,49.33,48.20,47.64,46.48,43.68,40.99,39.66
8/16/2021,2453.47,71.12,70.50,68.06,66.10,62.83,58.18,55.34,54.09,52.63,51.54,50.73,49.57,48.78,47.62,47.02,45.96,43.69,40.99,39.51
8/17/2021,2453.54,69.92,70.19,70.35,69.96,71.35,64.53,60.32,58.13,55.48,52.97,51.89,49.96,49.44,47.90,47.32,46.58,44.30,41.06,39.62
8/18/2021,2453.56,70.33,69.67,69.71,69.24,70.34,64.46,57.59,55.40,53.43,51.53,50.30,49.32,48.32,47.65,47.10,46.38,43.83,40.76,39.50
8/19/2021,2453.58,69.08,69.14,69.08,67.87,68.72,64.56,59.87,55.60,53.30,51.87,51.08,49.41,48.91,47.89,47.68,46.75,44.56,40.72,39.73
8/20/2021,2453.61,69.86,68.88,68.31,67.46,66.59,63.69,60.45,55.22,54.11,52.32,51.04,50.12,49.29,48.23,47.76,46.73,43.64,40.64,39.67
8/21/2021,2453.64,67.88,68.12,68.13,66.34,66.95,65.21,61.24,56.61,54.35,52.37,51.60,49.96,49.43,48.39,47.84,46.82,43.82,40.79,39.72
8/22/2021,2453.62,67.97,68.20,66.83,65.96,66.51,64.11,56.87,53.50,51.99,51.16,50.13,48.70,47.99,47.15,46.74,46.19,43.06,40.84,39.60
8/23/2021,2453.62,66.82,67.03,67.17,66.60,66.71,63.09,55.55,53.14,52.30,51.18,50.20,49.04,48.38,47.37,46.86,45.82,44.21,41.29,39.83
8/24/2021,2453.63,67.31,67.38,66.82,65.12,65.32,60.87,55.53,53.37,51.73,50.58,49.59,48.40,47.71,46.76,46.20,45.41,43.50,40.79,39.74
8/25/2021,2453.63,67.35,67.58,67.15,65.51,66.18,57.44,53.75,53.26,51.87,50.73,49.89,48.81,48.27,47.48,47.42,46.56,44.30,40.86,39.60
8/26/2021,2453.59,68.28,67.36,67.27,66.47,67.51,65.30,57.23,55.26,53.83,52.30,51.58,50.02,49.41,48.34,47.59,46.77,44.50,40.83,39.67
8/27/2021,2453.57,66.88,66.94,67.02,66.36,66.75,62.46,57.69,55.16,53.06,52.17,51.52,49.49,48.47,47.74,47.47,46.50,45.00,41.12,39.67
8/28/2021,2453.57,66.78,67.01,66.64,65.04,65.01,59.07,56.14,54.37,52.98,51.68,50.38,48.95,48.25,47.56,47.14,46.21,43.85,40.39,39.53
8/29/2021,2453.53,67.52,66.68,65.89,64.85,64.49,58.45,55.93,54.91,52.91,51.34,49.96,48.78,47.83,46.99,46.65,45.55,44.24,40.73,39.53
8/30/2021,2453.46,68.06,66.56,65.86,64.67,64.39,60.33,57.08,54.93,52.64,51.20,50.17,48.77,48.29,47.37,46.72,45.64,44.42,41.25,39.69
8/31/2021,2453.38,66.35,66.37,65.19,64.27,63.68,60.11,56.50,55.18,52.97,51.69,51.06,49.65,49.32,47.86,47.36,46.46,44.56,41.18,39.67
9/1/2021,2453.33,65.79,65.79,65.06,63.92,63.41,59.80,56.08,54.46,52.29,51.31,50.80,49.62,49.44,48.68,48.24,47.43,44.56,40.81,39.74
9/2/2021,2453.29,66.35,65.18,64.21,62.77,62.84,59.20,56.90,54.34,52.29,50.76,50.29,49.06,48.24,47.30,47.00,46.50,44.06,41.03,39.53
9/3/2021,2453.19,66.14,65.50,65.50,64.42,64.76,61.88,59.55,56.90,53.44,52.21,51.17,49.94,48.97,48.07,47.18,46.35,44.07,41.34,39.61
9/4/2021,2453.05,66.10,65.38,65.37,64.74,65.32,61.54,59.76,57.30,54.28,52.73,51.67,50.31,49.41,47.98,47.54,46.63,44.85,41.32,39.72
9/5/2021,2452.89,66.68,65.33,65.25,64.54,65.09,62.24,59.46,55.56,52.95,51.65,51.33,49.90,48.89,47.64,47.34,46.39,44.07,40.77,39.63
9/6/2021,2452.73,66.07,65.36,65.37,64.27,64.18,59.92,57.48,55.37,53.25,52.08,51.43,49.85,48.23,46.97,46.36,45.77,43.66,40.93,39.70
9/7/2021,2452.60,65.41,65.66,65.77,64.44,62.84,59.33,57.48,54.80,53.35,52.04,51.34,49.88,49.15,48.09,47.31,46.55,44.69,41.28,39.71
9/8/2021,2452.43,66.05,65.60,64.97,64.41,64.39,60.83,58.11,55.80,53.85,52.15,50.59,48.92,48.25,46.96,46.38,45.77,43.44,40.65,39.55
9/9/2021,2452.27,66.66,65.66,65.38,64.76,64.98,61.71,59.34,57.11,53.81,52.54,51.80,50.60,49.21,48.17,47.56,46.29,44.22,40.98,39.84
9/10/2021,2452.10,65.99,66.23,65.57,64.60,65.21,61.95,59.03,57.99,55.47,53.35,52.09,50.19,48.46,47.35,46.93,45.95,44.66,41.07,39.65
9/11/2021,2451.93,65.18,65.41,65.02,64.29,65.29,62.40,59.88,58.00,53.90,51.95,51.12,50.05,48.94,47.62,46.78,45.66,43.82,41.04,39.71
9/12/2021,2451.79,64.63,64.64,64.70,63.26,63.15,60.83,58.18,55.52,53.77,52.36,51.08,49.78,48.89,47.88,47.42,46.57,45.35,41.89,39.60
9/13/2021,2451.66,65.24,64.36,64.43,63.15,62.78,58.81,56.80,55.23,53.33,51.77,50.95,49.79,48.57,47.28,46.87,46.13,44.42,40.59,39.60
9/14/2021,2451.52,64.13,63.89,63.10,61.81,61.54,58.45,57.61,57.45,54.13,52.17,51.13,49.46,48.51,47.55,47.04,45.97,44.63,41.06,39.78
9/15/2021,2451.35,63.91,63.79,63.78,63.38,62.43,60.54,59.51,58.52,55.94,53.42,51.67,50.24,48.95,48.00,47.26,46.49,44.88,40.93,39.76
9/16/2021,2451.23,63.03,63.29,63.38,62.86,62.89,61.01,60.27,59.44,57.86,55.34,52.27,50.41,49.57,48.76,48.18,47.05,45.09,41.24,39.86
9/17/2021,2451.08,63.34,62.84,62.92,62.46,62.75,60.88,59.31,58.08,54.46,52.27,49.99,48.39,48.04,46.99,46.22,45.77,43.87,40.60,39.66
9/18/2021,2450.86,62.50,62.68,62.81,62.42,63.78,62.04,61.34,59.90,55.10,52.39,50.85,49.41,48.84,47.76,47.24,46.49,44.90,41.22,39.71
9/19/2021,2450.73,62.42,62.37,62.44,62.01,62.56,59.81,58.02,56.46,55.16,53.25,51.42,49.97,49.44,48.39,47.53,46.84,45.37,41.46,39.77
9/20/2021,2450.61,61.82,61.84,61.40,59.79,60.58,57.26,56.06,54.33,52.24,51.37,50.54,49.50,48.75,48.04,47.75,46.76,45.02,41.25,39.75
9/21/2021,2450.47,61.83,61.20,61.25,60.12,60.61,58.51,57.45,56.15,53.24,52.47,51.36,49.61,49.03,47.77,47.10,46.29,43.85,41.27,39.94
9/22/2021,2450.32,61.12,60.84,60.89,59.81,60.44,58.70,58.07,58.10,55.13,52.43,51.64,50.06,49.05,48.07,47.36,46.52,44.67,41.40,39.95
9/23/2021,2450.18,61.72,60.71,60.76,60.15,60.68,58.91,57.94,56.85,53.30,52.80,51.43,50.17,49.78,48.93,48.20,47.43,45.66,41.96,39.90
9/24/2021,2450.07,61.49,60.58,60.57,60.11,61.42,59.26,58.52,57.77,54.79,54.22,52.33,51.05,50.35,49.21,48.44,47.72,45.67,41.65,39.88
9/25/2021,2449.89,na,60.95,60.82,60.30,61.55,60.26,59.20,58.71,56.36,54.28,52.29,50.33,49.48,48.35,47.26,46.29,44.26,41.19,39.85
9/26/2021,2449.72,na,61.23,61.06,60.64,61.87,60.58,60.62,59.65,57.11,53.95,51.92,50.98,50.22,48.68,47.64,46.79,45.01,41.70,39.92
9/27/2021,2449.56,na,60.69,60.84,60.45,61.80,60.54,58.88,57.55,55.59,53.23,51.83,50.48,49.47,48.17,47.58,46.60,45.55,41.62,39.95
9/28/2021,2449.39,na,60.57,60.68,60.28,61.64,60.11,57.59,55.74,53.67,52.36,50.82,49.33,48.46,47.90,47.29,46.52,44.49,41.30,39.85
9/29/2021,2449.29,na,60.22,60.31,59.86,61.09,58.13,58.23,57.63,56.12,52.20,51.73,50.16,49.56,48.64,48.33,47.46,45.43,41.75,40.03
9/30/2021,2449.25,na,59.71,59.69,59.30,59.64,57.83,57.76,55.88,54.68,52.81,51.38,50.32,49.85,48.57,47.36,46.90,44.95,41.18,39.82
